Country,AgriculturalLand,BodyMassIndex_M,BodyMassIndex_F,Cellphones,ChildrenPerWoman,CO2Emissions,DemocracyScore,EnergyUsePerPerson,Exports,Femalesaged25to54labourforceparticipationrate,Forestarea,GDPpercapita,Governmenthealthspendingperpersontotal,Hightotechnologyexports,Hourlycompensation,Imports,IncomePerPerson,Incomeshareofpoorest10pct,Incomeshareofrichest10pct,Infantmortality,Inflation,Internetusers,LifeExpectancy,Literacyrateadulttotal,Literacyrateyouthtotal,Longtermunemploymentrate,Medianage,MedicalDoctors,Murder,Murderedmen,Murderedwomen,Oilconsumptionperperson,Populationgrowth,Populationtotal,Populationdensity,Poverty,Ratioofgirlstoboysinprimaryandsecondaryeducation,Renewablewater,Residentialelectricityuseperperson,Suicideage15to29,Taxrevenue,Teenfertilityrate,TotalGDPUS,TotalhealthspendingperpersonUS,Tradebalance,Trafficdeaths,UrbanpopulationTotal,Urbanpopulationgrowth,YearlyCO2emission
Malta,30.46875,15.02851313,14.90777938,18.40179098,2.2761875,3.720949835,0,1.086468118,52.46281133,14.23750025,0.75,5030.880827,239.316981,21.56065694,0,58.62783068,21370.67194,0,0,16.30625,2.021182993,9.408738301,73.113625,0,0,0,25.7135625,1.512347806,0.287551886,0.139772773,0.161216363,0,0.558850514,349900.75,1106.239437,0,65.97525,103.8078987,583.60008,0,4.98502983,9.555625,1882414947,357.7055021,-6.419217734,0.603852197,79.69265,0.465960938,1379.125
Anguilla,0,0,0,0,0,0.894158185,0,0,0,0,0,0,0,0,0,0,31870.84473,0,0,0,0,0,0,47.70354906,49.55686854,0,0,0,0,0,0,0,0,8575,93.4244375,0,0,0,0,0,0,18.8375,0,0,0,0,0,0,12.14583333
Belize,4.178540114,14.50867687,15.70522875,8.870178583,5.09475,1.198792102,0,0.102839703,31.68480038,22.00624979,3722.5,1998.270594,31.22881353,0.013191962,0,36.38369734,8362.95083,0,0,21.35,2.738186956,2.095649645,67.2425,0,0,1.93749994,15.482,0.463303307,7.355617314,9.558604001,0.937297493,0,2.370031529,174542.875,7.531875,7.45,23.3450625,80832.45889,0,0,7.353164141,34.45,444330031.3,52.51220741,-4.672860359,8.015355349,42.8181375,2.071591717,236.2708333
Panama,21.85061878,14.03849312,14.60253813,17.72536352,4.062,1.491611603,1.4375,0.581139666,45.91237397,29.97499943,8422.5,2982.26179,81.30916589,0.538602145,0,41.76188118,6251.658424,0.270625,13.210625,40.29375,4.971739953,5.347228596,69.074625,50.49732154,54.05314942,0.881249979,18.045625,0.869635462,4.148178563,7.45465125,0.78691725,0,1.981031903,2120166.438,27.8945625,3.36375,69.0075625,51145.38644,227.1272903,3.187422563,4.067191746,120.025,7447911288,118.5523007,3.644276205,7.8080225,48.959375,3.021198399,3432
United States of America,37.51020666,15.28702625,15.14913125,18.40290421,2.3562525,18.72709985,10,6.535312872,7.481631022,41.13749981,750487.5,23103.97521,854.9803699,11.20166371,9.889999807,9.323822297,29510.26333,0.469540517,7.463165933,14.96875,2.837674136,17.17234976,73.7310625,0,0,0.324999998,27.416875,1.561,7.380192813,11.61205738,3.239426187,2.404768864,0.957745561,237641076.6,24.6093125,0,49.8914375,8825.423125,2834.688393,10.54945744,1.914013403,60.178625,5.92438E+12,1898.351985,-1.527512316,20.1492375,66.3194875,1.260353828,4479347.354
Indonesia,19.23545598,11.73738313,12.20584688,8.449680296,4.0788125,0.783611433,-2.25,0.383572827,21.07583345,31.0562501,248522.5,487.9272218,4.620700686,4.162737063,0,19.18094287,3839.933156,0,0,88.95,24.8493472,1.213589531,57.5774375,42.41533889,50.6405135,0,18.5340625,0.069583949,1.814163923,2.928754986,0.737821743,0.12463358,1.65087976,158301333,82.7945,37.814375,62.7883125,12658.58,65.1749666,0,5.140979234,11.625,94821393106,10.71180806,2.835140207,4.629666924,25.8724,3.747787726,151995.25
Romania,51.70373617,14.00537125,14.1633925,17.79891218,2.138248957,5.301645709,-1.5625,1.548882672,11.65742138,43.25000048,15915,1185.49609,68.05660463,1.603398357,0,15.20293272,7671.442683,1.29125,8.415,44.3125,20.61820875,5.248383052,68.7614375,36.2662435,37.16529826,0.90625003,27.1708125,1.415362392,1.2565315,1.837358188,0.69680075,0.434335946,0.284061736,20891708.31,87.6891875,1.9225,67.244625,6646.623875,206.0782496,2.670427438,3.004858845,31.329375,26314366448,85.70721574,-3.545511343,4.908745625,41.2802375,1.053957059,113987.2708
Jordan,9.901263598,14.78172875,16.14489813,13.84339151,6.1358125,2.204336079,-5.625,0.63914591,29.14286948,9.71875,245,1216.366729,42.19955668,0.868711419,0,49.40987597,6651.483775,0.90375,13.09875,57.4375,3.584640407,3.791375489,64.0015625,0,0,0,15.1965625,0.900197357,1.391819447,2.380809904,0.335513704,0,3.299559556,2956543.813,32.6669375,3.98125,67.962125,260.9747625,232.2532823,0,7.430698676,7.25,4965867576,72.69707085,-20.49264616,5.090492606,59.203475,4.184744369,8465.416666
Andorra,35.7712766,14.97135688,14.63908375,17.4492089,0,2.19920844,0,0,0,0,40,12236.37286,506.3604575,6.535935146,0,0,85892.34871,0,0,1.51875,4.806603926,11.18646194,0,0,0,0,0,0.63725,0.13622117,0.198936783,0.073418861,0,3.24516313,43461.9375,92.207625,0,19.042375,0,0,0,0,1.44375,705954980.2,738.3395124,0,2.372893989,75.2466125,3.317704888,162.0208333
Mongolia,66.04452033,13.5305075,14.10874813,9.731093766,4.977125,2.993516871,-0.6875,0.541872742,21.5565324,40.34375048,29292.5,277.7499885,12.34004254,0.124745882,0,30.16874358,3764.645846,0,0,34.0625,15.87064512,1.719341547,57.0804375,24.44221293,24.42752986,0,16.9371875,1.455036639,0.609743536,1.113539726,0.115571179,0,1.840830332,1780478.563,1.1295625,0,65.9014375,13848.59,99.95654025,0,5.737979105,5.4375,664612493.9,19.60240962,-8.612211178,7.934440613,46.4030625,3.144871596,6029.833333
Egypt,2.414109197,14.424695,15.78901812,7.372142573,4.922375,1.299338479,-6,0.386331224,18.57338886,14.625,147.5,930.1329189,10.00060719,0.217092071,0,25.87044628,6594.832235,1.23125,8.7125,95.79375,8.302844139,2.617087386,58.6695625,29.30742539,38.82807914,0,16.865875,1.044389947,0.712583192,1.108392494,0.31582469,0.256365943,1.870536549,49573089.38,49.14975,5.994375,54.35825,862.06875,183.98147,0.057533638,6.117696941,12.1875,56188749689,24.09635331,-6.077112845,0,37.2230875,2.161348452,77168.20833
Gambia,48.88125,11.67028187,12.69013125,9.703193959,5.91625,0.163855878,1.75,0.013865181,26.14800388,41.81875133,1152.5,443.4301239,2.950897553,2.278171763,0,42.78038142,1352.843673,0,0,90.94375,3.938888378,1.12658161,45.42525,9.204431648,13.1387542,0,17.252375,0.036710228,3.013944984,4.753621817,1.307753295,0,2.690022002,844554.375,73.7284375,0,43.205875,7749.820625,0,0,0,22.25,457521977.3,6.726632635,-10.12350641,4.854310869,30.2469125,5.094881871,164.0833333
Guadeloupe,0,0,0,0,3.4895625,2.310570078,0,0,0,42.78749967,0,0,0,0,0,0,8886.163358,0,0,0,0,0,69.2124375,0,0,0,21.067625,0,0.77,0,0,0,0,352727.25,206.5101875,0,0,0,0,0,0,5.9,0,0,0,0,0,0,915.7499999
Tonga,35.67708333,16.30658188,17.56880875,7.183785021,5.457625,0.717950606,0,0.106570209,13.28772304,25.81250083,22.5,891.4004022,35.93727869,0,0,36.08930876,3153.326991,0,0,20.1875,2.925507191,1.42325658,66.9275,62.03057239,62.22750546,0,15.216,0.354968749,0.115520261,0.211058512,0.017979916,0,0.955199468,86046.3125,132.1884375,0,68.76025,0,0,0,0,5.375,88840225.93,44.68742951,-22.81847419,0.991528898,18.84145,1.592874052,68.97916666
France,46.12358614,14.21104563,13.799535,19.6625618,2.1598125,7.078663159,8.125,2.996561523,17.65786404,42.19375062,38382.5,14544.58152,904.1077204,8.597682326,9.411250115,18.65920044,40372.35002,0,0,13.2125,3.732448782,11.92852231,74.9648125,0,0,1.981249988,29.892,1.8788125,0.915018237,1.199086387,0.633327425,1.273921867,0.601017604,53755998.44,97.3181875,0,69.999625,2565.850625,1249.389539,9.529423875,6.794132683,16.275,8.48688E+11,1153.250547,-0.101563014,16.58812313,64.8556625,1.166047544,380014.7083
Falkland Islands (Malvinas),0,0,0,0,0,32.2891318,0,0,0,0,0,0,0,0,0,0,0,0,0,0,0,0,0,0,0,0,0,0,0,0,0,0,0,189.75,0.18825,0,0,0,0,0,0,0,0,0,0,0,0,0,73.33333333
Montserrat,0,0,0,0,0,4.236512008,0,0,0,0,0,0,0,0,0,0,17116.36726,0,0,3.55625,0,0,0,0,0,0,0,0,0,0,0,0,0,10251.8125,100.4036875,0,0,0,0,0,0,9.23125,0,0,0,0,0,0,29.10416667
China,41.02504435,12.52726875,12.60572875,8.09938024,3.4105,2.074893134,-7.4375,0.623853324,13.1143917,48.55624914,442500,556.5342005,13.25001618,7.439477113,0,11.73526576,4864.877495,0,0,61.83125,3.860499538,3.402934154,62.501085,22.7300526,24.71468251,0,21.13075,1.028125001,0.385626599,0.528318375,0.236613348,0.10391992,1.226615631,993511908.8,103.35875,32.673125,56.644375,1905.975506,74.43673603,0,2.760586662,31.05,6.88974E+11,28.32234798,1.379125939,3.930757642,23.966975,3.246652772,2420944.854
Jamaica,36.55355494,13.00773562,14.64003938,17.86928464,3.8025625,2.865847911,8.4375,0.868717336,34.60383236,46.21875,852.5,2446.092553,35.57508047,0.076223513,0,45.37130839,12510.41567,0.96375,14.924375,37.6,12.6890267,3.848394778,68.561375,0,0,1.631249994,18.2195,0.674316174,7.059932471,12.14998054,2.219785809,0,0.865293788,2158315.75,196.1378125,3.78875,64.022,2989.153531,174.6642547,0,4.85496139,20.1875,5889064911,65.03399776,-8.54560342,2.626180888,40.609025,1.697734943,6634.833333
Wallis et Futuna,0,0,0,0,0,0.310483943,0,0,0,0,0,0,0,0,0,0,2503.693197,0,0,0,0,0,0,0,0,0,0,0,0,0,0,0,0,11417.3125,57.24125,0,0,0,0,0,0,4.76875,0,0,0,0,0,0,4.354166667
Faeroe Islands,1.753597122,0,0,22.51982106,0,9.268133347,0,0,0,0,0.25,5806.024658,0,0.617781995,0,0,0,0,0,0,0,15.80679867,0,0,0,0,0,0,0,0,0,0,0.607260488,41722.25,29.8015625,0,0,0,0,0,0,7.14375,265584986,0,0,0,27.7693,1.590933515,412.7291667
Mauritania,31.21440526,12.23186625,13.82033813,9.073165495,6.0695625,0.545146704,-5.4375,0,35.07511881,39.13749933,792.5,459.4672127,5.930722756,0,0,48.99110795,2813.131564,0.79375,9.164375,97.775,3.460397276,0.275843869,52.9804375,12.8019195,15.33416149,0,15.7110625,0.055487986,3.302282094,5.257680058,1.400522768,0,2.435104202,1811760,1.7466875,15.025,38.408625,5021.638125,0,0,0,20.6875,909320951.6,10.66918643,-12.96201023,5.153853893,25.51765,5.473312639,1190.979167
Maldives,22.08333333,12.3232625,13.743625,20.3083798,5.5864375,0.890591743,0,0.161089117,51.2803459,21.28124976,2.5,928.9942093,57.68589459,0,0,52.03595514,4087.084815,0,0,71.68125,1.64438445,3.463691119,54.331125,24.0816239,24.54253078,0,17.17475,0.2210625,0.429684386,0.349243328,0.51623565,0,2.135149839,184268.5,614.2575625,0,31.6419375,122.7930625,0,0,5.234665481,8.1125,274002163.7,88.76764575,-5.263623813,5.562648296,20.4071625,4.362266634,248.6458333
Iceland,18.49812968,14.64685688,14.16571188,26.13299365,2.7279375,7.236374392,0,7.170997573,29.15655047,47.25625086,45,20923.01856,1020.162616,9.983088704,0,33.83753496,43390.1631,0,0,9.30625,13.69962229,20.19713493,76.9685,0,0,0.125000002,24.556625,2.2115,0.346220874,0.225195944,0.14847644,2.064743959,1.17806213,235221.1875,2.273,0,61.31,498615.1613,1775.00129,0,6.280982756,48.5875,5496753910,1232.944815,-2.106972246,1.407611132,77.6237625,1.480670402,1714.854167
Lesotho,63.41197299,11.85800313,14.62391062,4.157688385,5.009125,0,0.0625,0.002564721,23.27836559,43.02500057,105,258.7373506,9.19673486,0.047680914,0,92.43609864,1722.390998,0,0,105.625,9.520297855,0.596886022,49.932,21.56360872,22.7317257,0,15.7214375,0.036499435,3.039110184,5.411115647,1.244536489,0,1.579001714,1424662.313,46.7490625,0,84.0548125,1565.428231,0,0,18.1780915,19.75,431487084,14.68453608,-68.42392737,3.237497091,12.4791875,5.096048381,0
Palau,3.396739131,15.78533375,16.4393525,8.448133315,0,3.125641926,0,0,18.81712672,0,100,2375.58081,192.620731,0,0,31.76478107,17117.5893,0,0,13.75625,1.87545602,5.056937368,0,51.70579629,53.03012542,0,0,0.395,0.158404715,0.287099294,0.031653073,0,1.320678841,14082.5625,30.608875,0,24.9758125,0,0,0,0,14.70625,45207642.63,252.5481843,-13.33281632,1.514173508,58.94205,1.705872569,59.58333333
American Samoa,17.1875,0,0,1.136774008,0,0,0,0,0,0,45,0,0,0,0,0,19999.11075,0,0,0,0,0,0,0,0,0,0,0.386150003,0,0,0,0,2.054177005,40046.5,199.837,0,0,0,0,0,0,18.3,0,0,0,0,69.4673375,2.496034992,0
Honduras,23.11254357,13.60128688,14.11373125,11.44486643,5.7461875,0.612736367,2.6875,0.362889536,31.19752583,25.73124981,15980,938.9011947,16.00691423,0.50907525,0,40.70817773,5778.676123,0.39375,15.73125,66.51875,7.967237003,1.627972953,59.6506875,0,0,0,15.05075,0.371609776,4.955964446,8.760902882,1.328811318,0,2.31629316,4224997.25,37.353875,15.6725,58.433875,17504.27649,101.0658635,0,2.922306299,137.46875,4566566590,25.88274712,-8.173693696,2.730167807,33.0538625,3.734466545,3105.895833
French Guiana,0,0,0,0,4.07275,3.266076903,0,0,0,38.54375029,0,0,0,0,0,0,13014.37596,0,0,0,0,0,67.610875,0,0,0,20.7575625,0,2.683125,0,0,0,0,101887.9375,1.1160625,0,0,1220401.414,0,0,0,30.075,0,0,0,0,0,0,389.125
Guernsey,0,0,0,0,0,0,0,0,0,0,0,0,0,0,0,0,49000.73558,0,0,0,0,0,0,0,0,0,0,0,0,0,0,0,0,52239.3125,0,0,0,0,0,0,0,0,0,0,0,0,0,0,0
Kenya,37.40468075,11.8134025,12.42235813,5.784456389,6.6276875,0.284236863,-1.375,0.309624247,22.20870971,46.58125019,8955,341.309003,3.152323139,1.312567686,0,28.43370374,2441.481248,0.465,17.95125,84.49375,9.474508857,1.293151679,53.551375,20.55726883,23.13204397,0,14.411,0.089267614,4.939026833,8.182281733,1.835831702,0,2.772137168,20311214.88,34.534875,22.245,61.1531875,1252.578125,20.818022,0,6.600625538,88.5,7921053737,7.665002194,-4.287579008,5.903392911,13.8117125,4.85074711,5566.458333
Paraguay,32.90539265,13.80305937,13.96194687,14.51130262,4.9378125,0.440832746,-2.1875,0.462985567,24.00174388,39.15000057,48420,1026.848913,16.28272399,1.568559613,0,29.95683434,3342.477053,0,0,44.05625,10.19828304,2.047526797,67.2459375,34.22946672,36.14736443,0,15.866625,0.656353391,4.578480625,8.36907375,0.72779975,0,2.107679936,3709695.75,9.0506875,2.776875,66.5324375,68454.52,206.963735,1.880307188,4.235474257,90.2125,4463680216,40.58542465,-4.973927507,3.013700375,40.9656,3.025994078,1974.041667
Mali,23.1460879,11.78840938,11.87131063,3.17806732,6.86325,0.037874809,-0.9375,0,13.6559514,23.56875038,33202.5,156.94086,3.545972953,1.528546817,0,23.52923986,1410.019014,0,0,130.31875,5.912907542,0.232338789,40.238125,5.89612938,12.27889224,0,16.064875,0.034050862,4.399721503,7.796796084,1.469814241,0,1.895713775,8552272.75,6.8021875,0,43.633375,10787.55188,0,0,3.436826497,183.4375,1556717189,8.007315355,-9.873288462,6.468194961,19.064125,3.900697566,345.125
Albania,34.10812044,14.42396438,14.20878875,9.89118751,3.886375,1.406842234,-3.4375,0.519510985,11.27613774,39.59375,1922.5,689.7804456,20.39417217,0.550492882,0,23.63017149,10790.77691,0,0,44.19375,18.5702895,3.142917623,69.0474375,11.99232997,12.35390087,0,19.553125,0.953748349,1.252709448,2.150474132,0.378756747,0,1.223624797,2536612.438,88.13625,0.879375,60.423875,10594.8475,205.5478469,0,4.418452457,5.90625,2127995561,51.84233512,-12.35403375,2.315609873,32.971425,2.310397437,3689.8125
Bolivia,25.77690852,13.34520062,14.22898375,8.268066541,5.3514375,0.840174188,1.8125,0.305116844,18.59948735,35.27500057,150227.5,877.070956,13.09718121,6.440601995,0,19.44112249,6144.34961,0,0,85.9375,98.4943808,1.942423085,53.4395625,47.13724419,56.75233548,0,16.68325,0.448906664,0.821328968,1.389409572,0.281840846,0,1.870365499,5972581.688,5.40075,7.84625,24.515125,77417.24524,86.01287394,0,2.8155654,91.175,5671983870,20.56556745,-0.841635146,3.676775694,44.9090125,2.869788499,5867.583334
Portugal,34.42926777,14.515845,14.370575,27.26340883,2.217875,3.217163221,2.75,1.223301105,20.70074847,40.60624957,8550,6696.368411,350.6686714,2.674933781,2.606249981,28.28855337,11979.55201,0,0,35.16875,6.698898926,8.472598076,71.1708125,0,0,1.087500014,27.7336875,1.91875,1.239034257,1.952595908,0.598058873,0.784535401,0.337379483,9617780,104.5175625,0,66.4549375,5031.23125,506.1864824,4.395055625,6.482355837,27.413375,67002518028,534.1894526,-6.693877929,18.53949201,40.9813125,1.338840787,32267.125
Gabon,16.29142896,13.07184625,13.49632125,14.12683892,4.8335625,3.23945396,-5.75,1.086792622,46.41493356,41.24375057,55000,3751.930225,25.42533017,5.06588041,0,34.08189954,23942.42899,0,0,32.3125,11.02012066,1.038450651,52.6031875,15.71262938,18.12871875,0,20.3223125,0.167111728,3.497527958,5.496867656,1.542726696,0,1.884951967,852323.5,3.15775,0,63.4298125,155978.3838,235.0378653,0,0,24.5,3409692437,58.70621284,14.46872068,5.503614664,50.8101,4.52555864,2543.0625
Trinidad and Tobago,12.63401559,14.34981688,15.27532313,20.90327936,3.215625,14.71006145,7.25,4.790198847,41.46823212,33.91250038,585,5449.019868,82.34587814,0.257370833,0,36.78586693,8643.244895,0.8925,13.155,38.20456383,8.516213371,6.54617263,66.02775,54.06159526,55.86197147,1.400000006,19.3030625,0.697536375,8.182650271,12.38294719,4.070485588,0,0.857714736,1081166.563,210.5105,5.61125,68.9441875,2372.805375,683.3699646,11.748877,5.198673319,15.9375,6421100937,171.9542893,8.580423677,16.03031776,10.3181125,0.606190796,17689.60417
India,49.20235084,11.72689938,11.7341475,3.955089568,4.4263125,0.69785286,8.625,0.265542928,8.298454415,23.08750033,163475,304.597932,2.437827061,2.549802882,0,10.33364804,2493.231146,0,0,99.4,6.181834628,0.706882139,53.6160625,0,0,0,18.2213125,0.341668017,1.22673744,1.613541842,0.829511762,0.053214498,1.727724381,768935943.6,232.6305,36.649375,50.8250625,1825.154438,35.8428651,0,3.706934234,23,2.84287E+11,9.257017604,-1.591447226,3.933809996,21.2564125,2.640075732,651792.8541
Mexico,42.4845675,14.71098125,15.17768875,11.76434222,4.631625,3.018372408,-0.75,0.949241996,15.01229757,25.03750062,166877.5,4099.767557,61.79459912,6.390269562,1.136250012,16.42406179,16167.75112,0.805,18.441875,42.475,19.8115103,3.92619364,66.3126875,48.89292323,53.1673317,0.00625,16.6391875,0.8474375,20.37752712,37.90409438,3.632744062,0.52895598,1.891230662,71800293.56,36.49025,7.833125,65.9991875,4547.925456,185.2594437,3.600253938,4.312648644,100.6375,3.40647E+11,134.1378936,-0.880827466,13.18590006,58.903525,2.629916639,243439.3958
Bahrain,9.376051339,14.6421475,15.24321813,25.7650044,4.7529375,18.48426044,-6.1875,5.953740135,53.96020441,20.09375012,1.15,6557.801233,140.3666676,0.29045211,0,46.57862788,37450.31996,0,0,44.15625,2.800839121,8.272229205,65.8449375,0,0,0,19.5711875,0.796257631,0.401857284,0.524060691,0.197293347,0,4.137027081,459615.5625,634.6110625,0,65.076,235.4236688,2491.259664,1.857322125,1.842783397,6.56875,4298043962,201.8728732,7.381576534,5.684160032,75.5473625,4.357623073,9755.624999
Libya,6.795277459,14.410135,15.76394562,15.59974196,5.7959375,6.995760028,-7,1.873717688,18.30604835,14.55624974,542.5,1805.758369,62.6847403,0,0,9.494064585,24730.87128,0,0,52.74375,6.507901069,1.357492549,60.7065,34.94817354,46.59974457,0,16.4308125,0.78181387,0.591561735,1.033173233,0.103171583,0,2.693136471,3469339.438,1.9604375,0,57.84725,135.865,452.786205,0,0,0.875,10525296735,96.57106161,8.811983769,4.597412824,56.3608875,4.337338389,28542.9375
Belarus,16.8738449,14.25922375,14.75553125,11.94746803,2.0083125,2.408530012,-6.1875,1.074218307,22.7880456,51.00624943,20682.5,637.4897157,44.73305375,0.721308436,0,24.51459524,11803.46229,1.715625,9.655,6.7,86.13394445,3.134184701,70.35325,0,0,0,27.648375,2.282575119,3.720215835,5.425872009,2.160878757,0.550051868,0.179152451,9326106.813,44.9695,0.2175,24.846625,2112.645,204.2664391,9.979541875,7.809131124,23.051125,6258185694,65.80261913,-1.726549637,8.447953837,50.964575,1.567125857,24046.6875
Argentina,38.93254716,14.898675,14.51341375,18.06604369,2.8980625,3.449831226,0.75,1.097410921,9.543492295,29.11249995,79652.5,6275.102874,111.6811525,3.04067291,0,8.685732856,28522.74375,0.5525,13.570625,37.7875,105.4967964,4.965347608,69.632375,52.82598359,54.49643068,0,24.0501875,1.958530685,4.2864845,7.267365062,1.377813563,0.527106858,1.163015872,29311486.94,10.510625,2.63125,71.328375,19383.82188,315.7228965,6.527581375,2.662018665,65.3125,1.9925E+11,191.0612924,1.333012506,8.879612625,73.9901125,1.577596399,105799.375
Saudi Arabia,47.39529304,14.94704375,15.79313875,20.16612564,5.88725,10.60628948,-10,2.867684196,38.3161029,13.03750014,2442.5,7772.418343,91.16945804,0.175590383,0,22.75252791,20609.83697,0,0,57.8375,7.459916485,5.279497341,61.0715625,29.34796684,34.94834049,0,16.691375,0.245009202,0.588403076,0.743215933,0.360885277,2.5342996,3.248495311,12903522.38,5.9285625,0,11.737875,172.273125,1202.873317,0,0,4.5,1.17399E+11,138.0810593,15.56357499,4.940582871,57.37705,4.840991719,175831.7917
Zambia,23.09613729,11.33603688,12.47976813,3.895138903,6.68325,0.405589244,-1,0.48327852,31.7802932,35.54375076,127835,394.825974,7.940756406,0.512901763,0,33.86595838,1382.146145,0.45125,12.1975,94.76875,22.8633439,0.832105647,46.9839375,0,0,0,14.8529375,0.084278843,5.716682196,9.689958572,1.958728016,0,2.531147883,6868977.688,9.002,25.38375,58.5263125,11809.13688,73.75505992,0,6.653124141,37.3125,2670500128,13.51994507,1.504593106,5.774035335,29.81435,3.872831457,2346.666667
Kazakhstan,29.24047116,14.22154688,14.56056938,13.00764129,3.1745625,4.633828231,-6.25,1.402561838,20.80477919,49.67500019,8412.5,637.6709882,32.14664731,3.837530431,0,17.41434984,13284.57743,1.346875,10.77125,30.3,99.15919333,1.583458721,62.998625,0,0,0,21.4275,2.017312512,6.749969938,9.0984525,2.513834125,0.342653578,1.010226907,13660249.63,4.996375,3.33375,24.92075,2501.96475,128.6224927,13.13218063,3.090753831,13.58125,9917323886,55.13869515,3.390429356,7.77422375,46.2837875,1.371846201,72543.85417
Netherlands Antilles,0,14.78573438,15.87182687,0,2.989375,12.57812528,0,0,0,36.92500043,0,0,0,0,0,0,31386.39051,0,0,0,0,0,71.2158125,35.66383037,36.36771731,2.137499988,22.4739375,0,3.3223125,0,0,0,0,168022.3125,209.282625,0,0,0,0,0,0,7.51875,0,0,0,0,60.9875,0.424367205,2372.104167
Italy,46.37625699,14.55008312,13.99685188,31.01437201,1.804625,5.759633478,10,2.032000794,17.43576796,31.37499952,20922.5,12471.22067,600.8943689,3.373778128,9.508124947,18.01765182,34094.9652,0.575825658,6.70123882,20.78125,5.540508841,9.166406865,74.7500625,0,0,2.768749997,30.6514375,1.3116875,1.301499699,2.031572173,0.589884932,1.186476108,0.465732286,54867366.38,181.868625,0,67.121625,2356.913125,654.6657725,4.188326,7.045900995,13.3525,7.08313E+11,793.8731819,0.199208844,15.53183963,57.4601375,0.646198856,324029.5208
Malawi,37.21958528,11.98315125,12.24071375,1.486534752,6.805875,0.06967421,-2.625,0,20.40984206,48.40624905,8917.5,123.4648031,2.857678191,0.473475854,0,33.49719455,1192.386728,0.56625,5.971875,139.14375,12.86347235,0.117142893,44.100375,0,0,0,14.6794375,0.041244952,4.704369664,8.03639388,1.60158366,0,2.510793473,7710491.125,64.0856875,16.959375,55.8699375,1787.806562,0,0,0,33.4375,1071226242,4.930587264,-11.53159666,4.836031794,9.091175,4.615891661,576.125
Algeria,14.23134977,13.22213938,14.1547875,10.7776934,5.5925,2.243709967,-4.3125,0.541066592,25.38467377,17.91875017,3947.5,1521.338381,28.2963735,0.510069918,0,25.29140935,14029.0427,1.12,14.293125,77.16875,10.30048026,1.592994956,58.639,0,0,0,16.40925,0.279224303,1.838687718,2.583983661,1.113801241,0.223240643,2.024641956,21191734,8.8435,10.740625,57.1876875,414.5843625,187.7935348,0,5.656977271,7.3125,36463619261,36.56619142,2.533462683,3.410093664,44.0013375,3.561317696,56102.52083
Iraq,17.47776482,14.60019313,15.41266125,7.482331685,6.0216875,2.751150396,-6.1875,0.649610231,0,9.425000012,2045,203.9060492,17.835789,0,0,0,14977.47374,0,0,74.3875,7.169315025,0.179165993,60.2759375,18.51305028,21.19920086,0,15.6371875,0.3955669,1.59904629,2.851473392,0.338563129,0,2.608951385,16215805.06,36.4421875,0,49.6380625,3626.149313,325.1872209,0,0,21.25,5618263614,26.66669394,0,22.11204958,54.737875,3.328842766,51324.62501
Netherlands,48.98548578,14.07378625,13.9132375,26.05392439,2.1045,9.830465967,10,3.607368548,46.95167602,35.43124962,900,15745.60321,799.921049,10.34499872,11.96562499,46.68200627,43724.2408,0,0,10.08125,3.204239632,18.65621557,76.033125,0,0,1.118750006,28.1301875,1.9125,0.794812644,1.078753738,0.509409125,1.954228644,0.688582366,13954936.38,335.71925,0,66.89925,4389.090625,896.5858264,5.5468935,7.018926269,11.01953125,2.3596E+11,1146.522033,3.325557104,11.78482231,60.6287,1.233185928,140312.7917
Dominican Republic,41.84085265,13.4932375,14.01786125,0,4.7886875,0,1.75,0,0,26.69374955,4930,0,0,0.950096124,0,29.92177283,6248.899089,0.515625,15.08125,0,0,0,62.4635625,0,0,0.075000001,16.32825,0,4.482969771,6.323025941,0.665601075,0,0,6184882.375,0,0,0,2388.269694,250.9397779,0,2.671949143,130.0875,0,0,-5.649900667,9.221743584,0,0,0
Zimbabwe,28.41379087,12.21182375,13.98218063,2.005498787,5.8846875,0.987991424,-1.25,0.582578907,19.28435707,42.61874962,47235,393.9428812,9.706026431,1.875731981,0,23.33105875,627.4427548,0,0,62.625,1.96998612,1.861391815,53.228875,31.31721741,35.7792593,0,14.7856875,0.153492564,7.071597576,11.90255356,2.444120408,0,1.982786863,8138216.813,20.7368125,0,62.3325625,1800.199375,123.4582072,0,8.44076279,17.6875,3436219601,18.4866739,-4.046701683,7.550140858,22.6513125,3.763437538,8716.354167
Vanuatu,9.885151764,14.19061188,14.611415,2.310628427,5.5169375,0.429757392,0,0.02736414,24.37134634,47.11875009,1100,764.6987661,19.28168563,0.088923291,0,30.14773631,2888.7416,0,0,56,2.925589214,1.340626562,58.1374375,14.6479575,17.24847375,0,15.2285,0.181488467,0.190091126,0.331283055,0.046623708,0,2.325010971,131046,10.63,0,64.864,0,0,0,6.187023109,13.875,134555136,23.29845207,-5.776389972,1.464120001,15.0690125,3.794290512,58.89583333
New Zealand,46.32562379,14.90724063,14.59034063,21.6619452,2.56365625,6.387861712,10,2.904323047,20.14480255,38.59999967,20665,7206.011959,502.7892219,3.299607403,5.447499991,20.09986901,35921.24182,0,0,13.30625,2.943932532,16.35995025,74.587875,0,0,0.431250004,25.8746875,1.2,1.264336681,1.645879044,0.890609437,1.080400521,0.975081232,3220455.563,11.8616875,0,69.5508125,69741.51063,2237.044944,13.97303294,5.576827419,36.25625,27105934664,621.4717658,0.044933535,16.7462125,72.8053375,1.188729118,21397.97917
Bosnia and Herzegovina,15.84436274,14.46657375,14.4211475,13.01607509,2.44975,1.998162332,-4,0.453978825,10.41752388,46.83749962,5462.5,539.3316276,51.85468889,0.635667183,0,24.54074222,7526.378172,0.519375,5.139375,40.9625,1.838689959,5.367941121,67.7818125,24.16577461,24.94848258,0,23.6473125,0.785081247,0.34730079,0.553703036,0.164671527,0,0.315445603,3611671.313,70.5810625,0.06375,12.723375,3546.63375,310.2734371,3.561085063,3.809518397,6.29375,2001673484,90.85445478,-14.11461692,0.705328301,31.342975,1.931950992,7474.958333
Timor-Leste,16.81237391,11.439035,11.6486075,1.612168563,5.994,0.033366387,1.25,0.011165023,0,33.83125019,2135,87.92414216,10.27193981,0,0,0,1863.717304,0,0,48.53125,1.479123237,0.020519531,45.2511875,0,0,0,15.77775,0.01875,3.047148585,5.296710849,0.806566268,0,1.433132564,716427.9375,47.7149375,0,17.88675,0,0,0,0,16.5625,86903166.53,14.40891814,0,3.105653286,16.5854875,3.202077068,34.83333334
Burkina Faso,28.64469116,11.600265,11.6029875,2.629018424,6.5586875,0.050040142,-3.9375,0,7.201475678,47.14374971,15620,157.1852992,4.009129108,1.377305399,0,20.20354789,1746.09213,0,0,121.65,3.458616227,0.144895998,44.4451875,4.015052791,6.066922391,0,15.4383125,0.023492225,4.222359538,6.980985403,1.639012635,0,2.122168254,8824048.5,31.755875,0,45.4469375,1184.125625,0,0,2.294387161,40.375,1613892844,7.401301655,-12.69819937,6.318165064,11.1558375,5.186916317,560.3125
Pitcairn,0,0,0,0,0,0,0,0,0,0,0,0,0,0,0,0,0,0,0,0,0,0,0,0,0,0,0,0,0,0,0,0,0,16.625,0,0,0,0,0,0,0,0,0,0,0,0,0,0,0
Guinea,46.80963088,12.24844188,12.0885475,3.737257289,6.09525,0.149638132,-4.875,0,11.87234887,50.33124971,17260,159.8129406,1.255293984,0.042463157,0,13.27810784,1580.911825,0,0,114.525,6.53426546,0.152887075,43.7875625,6.423046456,8.661371006,0,16.1475625,0.049220026,3.842229009,6.070823192,1.632566393,0,1.781754677,5778465.938,23.2690625,0,29.19,31126.52125,0,0,0,39.8125,1519031758,7.672528872,-1.733800825,6.452374935,21.41965,3.947039659,871.5208334
Switzerland,37.06875,14.4446225,13.4743225,24.86968031,1.817,5.363886598,10,2.617251876,30.81883331,40.15625048,2985,19212.05516,988.5211561,8.946230491,12.54749995,29.8097182,27962.47793,0.718878375,6.477380395,11.59375,0.959731378,17.35429998,76.1018125,0,0,0.399999995,30.75625,2.25625,0.935092694,0.948805138,0.824228644,1.366547849,0.756410994,6407760.688,154.96875,0,54.1470625,5545.91,1447.081088,16.207405,3.793479695,10.822,1.325E+11,1705.388172,3.380088437,14.76612256,56.6737625,1.251405233,34943.10417
Saint Helena,0,0,0,0,0,0,0,0,0,0,0,0,0,0,0,0,2118.253445,0,0,0,0,0,0,0,0,0,0,0,0,0,0,0,0,4983.875,0,0,0,0,0,0,0,8.075,0,0,0,0,0,0,0
Sierra Leone,32.88623988,12.334165,12.7285375,2.282942749,6.180875,0.192936186,-0.625,0,17.36679437,45.43750048,7305,215.4823396,1.169862437,6.912041665,0,23.10695666,1073.493709,0,0,156.1802069,17.08728787,0.051485503,36.839875,6.530023149,8.986426577,0,17.3891875,0.045400097,7.459108114,13.34495831,1.843188286,0,1.742034856,3487228.75,48.16125,0,40.9469375,32406.00437,0,0,3.736532558,57.3125,782508652.6,11.56177187,-5.740162283,10.73824811,26.3328125,3.137475685,717.9791667
Haiti,48.53728229,13.05211375,12.43062438,4.419450976,5.3205,0.130719545,-4.5625,0.191807794,4.525685137,25.83125019,272.5,155.0272927,2.38843775,2.312748582,0,13.7293422,3215.950331,0,0,116.55625,5.577255335,1.302501055,50.9770625,0,0,0,16.9545625,0.088650927,1.283011794,2.256586611,0.388845652,0,1.631986051,6355790.438,227.867875,0,0,1608.799281,11.13243797,0,0,66.28125,1354542231,8.661619278,-9.203657069,1.533581436,25.047725,3.591712214,952.6458334
Western Sahara,0,0,0,0,4.92425,0.587870759,0,0,0,0,0,0,0,0,0,0,0,0,0,0,0,0,51.267875,0,0,0,18.6915,0,0,0,0,0,0,198701.125,0.7306875,0,0,0,0,0,0,0,0,0,0,0,0,0,130.3958333
Cayman Islands,6.770833333,0,0,28.52064328,0,6.747060283,0,0,0,0,32.5,0,0,0,0,0,65808.70532,0,0,0,0,7.625,0,0,0,0,0,0,0,0,0,0,3.208850526,24288.8125,91.5466875,0,73.9934375,0,0,0,0,25.2,0,0,0,0,87.5,3.028632449,217.4791667
North Korea,0,0,0,0,0,5.438036978,0,0.863320976,0,0,0,0,0,0,0,0,0,0,0,38.5625,0,0,0,0,0,0,0,0,0,0,0,0,1.386666282,0,145.116125,0,0,0,0,0,0,0,0,0,0,0,48.5162625,2.057305959,102999.875
Aland Islands,0,0,0,0,0,0,0,0,0,0,0,0,0,0,0,0,0,0,0,0,0,0,9.9925,0,0,0,0,0,0,0,0,0,0,6004.375,0,0,0,0,0,0,0,0,0,0,0,0,0,0,0
Australia,48.86144937,14.82225438,14.33321312,22.31825791,2.3383125,13.7669201,10,4.115965191,13.20211917,37.15625,387300,14757.5493,622.4664597,5.00323008,9.029999793,14.63020364,63788.21799,0,0,12.08125,4.360883307,15.1286763,75.2619375,0,0,1.056250006,27.2845,1.35625,1.5399128,1.9217325,1.153927456,1.442705935,1.35793069,15333589.06,1.9695,0,30.9173125,22357.65063,1712.549116,11.77188512,5.961633899,30.8125,2.53792E+11,925.22908,-0.745771167,18.57810963,75.113225,1.523966488,225224.5417
Yemen,0,0,0,4.036709733,0,0.438908085,0,0.105181701,12.65086181,0,0,202.7293715,5.080868263,0,0,0,0,0,0,24.38125,8.010117725,0.921521529,0,0,0,0,0,0.090625,0,0,0,0,1.301085519,0,13.2469375,0,16.383375,0,0,0,0,0,3828092824,14.06382522,0,0,10.139525,2.064245166,7312.9375
Thailand,29.43135998,12.311525,13.03767625,14.43544714,3.6393125,1.644018093,0.75,0.62739144,32.33692348,46.66874981,47510,1144.850667,24.29714392,10.11188697,0,34.16232262,3460.369877,1.12,15.155,54.44375,3.385183905,3.180135029,64.4315625,50.65593619,54.76489328,0,19.3545,0.188994595,2.965509025,2.000677406,0.557556242,0.275694055,1.607450631,47597643.25,92.564375,8.2225,60.332125,6029.979406,148.303274,0,3.050611221,10.6875,67601965557,36.538158,-0.845529783,4.558604479,23.74995,2.638303056,100128.1875
Ghana,46.76375582,12.28866687,12.719445,6.765616933,5.8414375,0.261492796,-1.1875,0.252803182,18.67666274,47.89375067,15235,231.3606411,7.074928259,0.578911162,0,27.54851702,2188.021351,1.2225,12.955,95.5,19.92950337,0.65100386,52.60375,14.47436822,17.66576565,0,15.588625,0.060912997,2.64220941,3.769526124,1.517811835,0,2.263465877,13293735.81,55.13325,34.058125,51.8585,2950.795625,47.81524845,0,5.115623819,119.3875,3364805439,12.22241866,-7.110582145,4.614938021,31.5240125,3.723457005,3796.604167
Papua New Guinea,1.538830985,13.31066188,13.29960063,1.731784775,5.332,0.407285902,2.5,0,39.42253171,44.33125067,75332.5,553.6617852,8.731523574,12.60023996,0,40.48316871,1683.264891,0.59375,12.76875,77.35,5.49450046,0.290326819,50.69925,14.33581398,16.66974848,0,16.0120625,0.0323125,3.587357282,6.045352221,1.100099444,0,2.144733703,3779650.938,8.082375,17.93125,48.21125,162615.6925,0,0,7.29070017,17.125,2288610158,10.96547081,-1.060637007,3.670830846,10.03405,4.042266715,1776.041667
Greenland,0.529988085,14.21965062,14.81184,18.6125141,3.6915625,8.838123485,0,0,0,0,0.5,11556.04312,0,4.935083348,0,0,46528.40241,0,0,0,0.343486049,13.60047449,0,0,0,0,0,1.004103355,0,0,0,0,1.022146552,47534.125,0.0218125,0,0,7966125.658,0,0,0,83.1625,628362016,0,0,0,66.6807625,1.639681317,435.4166667
Puerto Rico,36.04143179,14.9628575,15.90360938,14.3344445,2.89425,0,0,0,53.04563122,26.17500007,1160,9634.311702,0,0,0,70.59860093,11487.21997,0,0,55.6875,3.905433593,6.790422844,72.822375,49.5052295,51.78537571,0,21.492875,0,4.636139704,0,0,0,0.696241096,3142137.063,354.153375,0,0,1534.76375,0,0,0,24.1,33532397713,0,-14.28371602,0,64.726425,1.952596349,0
Somalia,57.03257006,12.07680625,12.26090563,1.328452192,7.2296875,0.063050585,-0.875,0,8.635654645,31.08125019,18787.5,0,0.895966348,0,0,26.14698819,1086.128306,0,0,60.9875,44.04547596,0.21002119,44.4021875,0,0,0,15.4285,0.046005897,0.346992128,0.444417044,0.250173792,0,2.06159343,5582119.375,8.668375,0,35.6223125,2095.46625,0,0,0,17.6875,0,2.002686463,-16.71663001,3.782306314,24.65795,3.398300892,379.7291667
Monaco,0,0,0,14.05840924,0,0,0,0,0,0,0,51532.82471,1274.150067,0,0,0,54672.20418,0,0,1.56875,2.07176641,14.32344126,0,0,0,0,0,1.861174986,0.17323266,0.227370523,0.121197771,0,0.799895819,28044.25,18817.11413,0,0,0,0,0,0,0,1630478827,1449.006621,0,1.937128723,87.5,0.799899542,0
Canada,6.078978304,14.930455,14.4064375,14.01539395,2.2329875,15.22822944,10,6.257907028,24.2102518,42.13749981,775335,15964.02378,713.3515642,6.221054734,9.418125093,23.75920829,47130.3074,0.65686176,6.196464058,14.2875,3.621719711,17.37947976,75.449125,0,0,0.518749995,26.5786875,1.51875,1.740290625,2.328737875,1.15417835,2.323523547,1.175145411,25011479.88,2.500125,0,68.5708125,78926.5175,3028.713512,11.89562813,5.217464676,3.65105,4.43125E+11,1012.496563,1.511421985,17.13808288,66.9182,1.464915642,390348.0625
Ethiopia,10.2055625,11.14219813,11.107765,0.322618369,6.714875,0.050343004,-4.9375,0.215132522,4.732001805,41.34375048,34262.5,71.08047936,1.403736652,1.356408541,0,10.41065609,1087.89919,0.9675,6.3575,101.9625,5.472482381,0.067018859,46.3051875,6.73125,9.35625,0,15.4199375,0.014907219,4.812018514,8.206623315,1.566567421,0,2.244611081,44618229.44,40.002625,21.6025,43.26275,0,5.368975889,0,3.309446424,20.375,4559968811,2.726147564,-5.67865429,5.37406218,10.272925,3.914374919,2719.520833
Latvia,11.34024763,14.40418,14.270025,17.91844492,1.7571875,1.338220766,-1.4375,0.723994071,18.62460988,49.19999933,8102.5,2679.379268,101.5223621,1.747215947,0,21.78081883,15954.59438,1.385625,10.6375,19.25625,61.56413447,10.80987811,69.469875,24.93664249,24.9375661,3.125,30.4583125,1.927562494,5.257699438,7.853615875,2.91814125,0,0.10124052,2349120.375,36.3995,0.5975,37.814125,5089.538175,240.1907107,11.61305375,4.493736091,8.93125,6466487348,167.0457952,-3.156208943,13.30342063,56.7921125,0.554761119,3223.916667
Hungary,57.58948404,14.74995313,14.36769125,22.82554619,1.8423125,5.95501819,-0.3125,1.825594925,38.98857367,41.20625019,4767.5,3265.992493,166.5074163,7.008732661,1.405624971,40.94965977,22688.39326,0.661875,4.52625,29.05625,6.964562032,9.224011407,69.8294375,55.63997635,55.82706211,1.149999991,30.38825,2.199625,2.136797,2.784388375,1.549306313,0.58513812,0.030241917,10214206.06,109.840875,0.07875,67.857625,6893.240625,561.4846037,16.92977938,7.114794889,43.306625,33533590260,230.7065368,-0.669667688,12.4791995,55.5065625,0.400119347,61251.4375
Mayotte,39.02027027,0,0,0,6.5025,0,0,0,0,0,40,0,0,0.665714926,0,0,0,0,0,0,0,0,66.7270625,0,0,0,15.0196875,0,0,0,0,0,4.18333651,85893.9375,225.4239375,0,0,0,0,0,0,34.5,0,0,0,0,0,0,0
Japan,12.76966147,12.82425563,12.21403312,20.20030975,1.805875,7.174098461,10,2.653497977,10.00988932,36.28125,62190,23870.80582,752.4023817,10.09803747,9.28000015,9.79609777,37595.04275,0,0,13.3875,1.704658829,15.32912323,75.54925,0,0,0.512500012,28.5193125,1.32875,1.082683344,1.334361469,0.841827063,1.45577585,0.428588397,112028691.4,296.4900625,0,69.159,2550.28125,1136.920961,18.40112581,1.153267909,4.68125,2.89119E+12,928.3341237,0.913080693,10.61118587,65.984575,1.080124555,844809.8541
Turkmenistan,25.89268614,13.87379563,13.642845,2.962041378,4.698125,3.381018177,-7.8125,1.334267349,26.68709636,46.65624952,10317.5,353.9282046,12.74240804,1.238036853,0,20.92596833,5059.786732,2.24,9.410625,38.28125,254.8754264,0.27420851,60.0943125,0,0,0,18.1028125,1.807906247,3.575659341,6.109016673,1.316879842,0.435597642,1.998181962,3123291.563,6.36675,21.97125,0,2386.177125,111.6513368,4.2835175,0,5.0625,2252720824,21.16465679,5.761128036,4.939558583,40.8264875,2.123278843,15527.875
Cote d'Ivoire,46.82704403,12.30039,12.7109525,7.653105381,6.617125,0.391356001,-5.0625,0.382688748,32.35370214,26.86875033,25820,617.6931974,3.899625956,2.607159572,0,28.2846695,3815.286995,1.23375,12.45125,123.0875,5.769473693,0.305572117,45.40325,18.58630519,24.27625298,0,16.0304375,0.055058415,11.70101953,19.39464426,3.411371469,0,2.874346985,10280493,31.5695625,16.764375,43.6076875,6611.587,33.81794937,0,2.895520939,32.375,6563855501,16.06321778,6.209004341,11.74435759,32.0867625,4.833064713,4514.8125
Turks and Caicos Islands,0.855263158,0,0,0,0,0.867597723,0,0,0,0,85,0,0,2.949584811,0,0,15241.39029,0,0,8.35,0,0,0,0,0,0,0,0,0,0,0,0,3.29815618,13674.4375,31.2484375,0,18.96,0,0,0,0,4.8,0,0,0,0,56.78455,4.22517787,27.72916667
Burundi,65.72965343,11.9864125,11.467735,0.862118633,7.0924375,0.027407099,-2.3125,0,7.750889551,53.7874999,495,125.681575,1.370943589,1.308349449,0,19.3920957,935.5480711,1.27875,9.97125,98.6875,11.39395294,0.127944531,46.063125,18.28143644,20.27705322,0,15.19125,0.02442523,8.395415068,15.68655395,1.878841817,0,1.887132452,4895920.25,174.0873125,35.6925,51.1495,1885.359769,0,0,5.144860429,6,652036001.4,3.845170219,-10.24763312,8.217708349,4.9758625,4.7314549,151.4791667
Martinique,0,0,0,0,3.2895625,3.326525727,0,0,0,45.04374886,0,0,0,0,0,0,19816.75855,0,0,0,0,0,70.3696875,0,0,0,21.8289375,0,0.6819375,0,0,0,0,336940.6875,305.4418125,0,0,0,0,0,0,9.13125,0,0,0,0,0,0,1215.958333
Guam,28.24074074,0,0,12.47491049,3.824375,0,0,0,0,34.89374971,65,0,0,0,0,0,0,0,0,0,0,9.404276629,68.973625,0,0,0,20.3488125,0,0,0,0,0,1.667257699,115852.875,210.0238125,0,0,0,0,0,0,27.1375,0,0,0,0,72.1280875,2.728788849,0
French Polynesia,9.750683059,16.01845813,16.60637125,12.35406158,3.9815,2.066729622,0,0,1.575730967,32.96874952,262.5,9379.763214,0,4.084202786,0,9.232347765,37607.39271,0,0,0,3.031479456,5.754535807,64.7155,0,0,0,17.9900625,0.42425,0,0,0,0,2.095279422,163874.1875,40.7781875,0,39.783,0,0,0,0,13.375,1824474889,0,-7.656616798,0,46.348225,2.431505986,407.2291667
Austria,34.95755003,14.44439313,13.81142938,27.72479093,1.8513125,6.741940828,10,2.662125639,30.81332091,39.46874952,9595,15416.88871,913.4568349,4.878366871,11.2493749,31.80050732,65189.96359,0.836400305,5.761346493,18.38125,2.604170306,15.09030929,73.7821875,0,0,0.418749996,31.4906875,1.9,1.064663713,1.2071949,0.929304094,1.099570857,0.325111023,7628360.625,90.90275,0,59.186625,6932.715625,1112.592411,14.23065637,6.230373093,31.587375,1.2134E+11,1197.023741,0.441433694,18.47762775,57.4999875,0.400300783,52047.875
Rwanda,56.19933117,12.36845,11.99210313,1.777943672,7.249875,0.057267832,-4.3125,0,8.452808545,53.19999981,860,211.370579,3.592459305,2.179012172,0,18.27574213,709.4384577,0.5225,9.45,99.225,5.871637016,0.593410567,46.89575,16.22214879,19.40508322,0,14.4781875,0.023693327,6.447157144,11.48091459,2.18326521,0,2.394408711,5701906.5,213.4815,22.265,59.171,1277.715625,0,0,3.393097026,10.375,1351460123,7.66373714,-8.899322894,7.253734588,7.1172375,6.08456452,393.9375
Saint Lucia,23.15573771,13.37472563,14.51009625,0,4.4088125,0,0,0,0,31.76874971,117.5,0,0,3.599298696,0,41.56989551,5602.433714,0,0,0,0,0,66.3803125,0,0,0,17.065375,0,6.037784426,7.433191538,1.119728655,0,0,125679.875,0,0,0,0,0,0,0,25.90625,0,0,-8.393732205,3.495576382,0,0,0
Saint-Pierre-et-Miquelon,0,0,0,0,0,0,0,0,0,0,0,0,0,0,0,0,0,0,0,0,0,0,0,0,0,0,0,0,0,0,0,0,0,5729.625,0,0,0,0,0,0,0,0,0,0,0,0,0,0,0
Philippines,28.3790492,12.4520025,12.63706375,12.50681804,5.2015625,0.644805358,3,0.314698,24.59295386,31.9937501,17792.5,870.4800346,5.552785981,22.7396475,0.317499992,27.75940036,2282.203706,1.105625,15.109375,49.49375,9.055427415,1.23261423,62.7834375,49.53915554,52.7891267,0,16.1954375,0.409225602,5.915227029,10.80218941,1.072944421,0.146825906,2.218621719,53302519.5,176.363,21.88,50.7701875,6671.698125,73.20237156,0.870244,5.263764262,52.76041667,53103239324,14.97186193,-2.419737131,3.644420965,36.20825,2.930413375,37911.27083
Uganda,47.53109204,12.25869813,12.07829937,3.710681037,6.9008125,0.068984753,-2.1875,0,13.55965754,49.70000076,9672.5,128.06396,1.895905444,0.649968003,0,19.2863778,840.9022042,1.145,11.525625,96.94375,19.02073234,1.043019418,48.3020625,0,0,0,14.1830625,0.0564405,6.201933146,10.41833353,2.110044836,0,2.78660481,16169281.31,65.9716875,32.39875,50.267,3351.01125,0,0,2.933733114,39.5625,3176153294,9.150873353,-4.018627731,6.62176323,8.3410625,4.861109469,1150.645833
Norway,2.658329034,14.50774062,13.96375125,26.77844023,2.17375,7.042956456,10,3.942315705,32.8246837,44.71875048,23252.5,23102.96981,1457.817941,6.403383384,13.83124989,29.53373392,27433.78895,0.964994206,5.843996953,10.125,5.848615214,20.72730242,76.3124375,0,0,0.250000005,30.35725,2.05325,0.808523106,1.035054413,0.584236756,1.583890955,0.601702839,4109799.688,10.6410625,0,69.140125,63763.42625,5142.296048,11.05177869,6.985880736,18.8121875,1.00302E+11,1744.615945,5.557017152,8.468354563,60.86775,1.271124541,29823.97916
Serbia,7.22616053,14.64954938,14.51448125,17.82070994,2.1876875,0.660765721,-2.9375,0.797620557,6.843981951,0,6150,371.7132901,72.30091722,0,0,12.86661788,9304.825938,0,0,8.2375,7.175399813,6.854775022,68.717875,0,0,0,27.4900625,0,0.463135812,0.690273,0.242436044,0,0.126372262,8875658.688,100.444125,0.1525,25.4175625,0,534.81729,2.04268675,2.888876233,10.4375,2782141256,113.1017903,-6.022635931,1.75187975,38.7494625,0.127743542,6502.833334
Vietnam,19.58506775,11.18924,11.19459688,11.33391457,4.327125,0.533890793,-4.375,0.247972249,22.26081699,48.5875001,29312.5,200.9710075,4.23759575,1.570539819,0,26.41959141,1160.512705,0.5925,5.930625,35.98125,31.76407169,3.517761855,66.4205,22.53903234,23.70912857,0,18.4093125,0.307468752,0.814111322,1.274380267,0.378082842,0,1.553077222,58452473.56,175.51475,8.979375,60.615875,11034.418,72.24855628,0,0,6.5,15662402572,13.00434499,-4.158774426,2.908836186,18.5898625,2.877256101,37923.1875
Oman,3.207592892,13.957895,14.62263812,17.8888918,6.243,5.96607061,-8.9375,1.837751294,41.72789541,14.60624993,5,5528.880373,87.51102412,1.171865712,0,26.71873767,13340.88562,0,0,65.3125,10.12059139,3.142454599,59.043875,10.82764288,12.20372769,0,16.017,0.504633111,0.382434547,0.453479513,0.229826219,0,2.767651123,1464229,4.677,0,51.55025,809.345,773.9225882,0,2.698488939,3.8125,10787986827,110.536586,15.00915774,2.534161269,45.7137125,5.264731064,12425.64583
Lithuania,18.11468244,14.738525,14.7305575,25.26743844,2.0145625,1.671375748,-0.6875,0.999643168,18.11719506,49.6937499,5050,1607.184868,115.3466542,2.215929621,0,20.78956262,22001.74101,1.44875,10.703125,16.85,61.52170965,9.274929055,70.6071875,0,0,2.125,27.766375,1.707262499,3.512466125,5.3376275,1.840128625,0.463827511,0.312893656,3251780.188,49.862,0.31125,31.1596875,2528.22,218.5879118,12.4309375,4.142842371,21.959875,5556717446,161.6110759,-2.672367564,9.27804375,52.082875,1.247578848,5854.0625
Spain,49.68267111,14.82074375,14.49309813,23.65759932,2.0300625,4.801180663,3,1.766158457,15.52489868,30.21875036,42470,9105.996058,472.3116883,2.981885293,6.745624989,17.86991307,14937.10311,0.643680845,6.653003168,22.48125,5.60526363,11.07649365,74.8489375,12.20382597,12.44553852,4.006249979,28.263125,0.975,0.726609556,0.963646881,0.382706181,1.029959267,0.797127319,36989681.25,72.9025625,0,69.9645625,2079.905625,667.9375537,4.068257375,4.060221806,13.506625,3.61625E+11,655.4456962,-1.825965311,11.86882681,62.4259,1.298987146,187914.375
Russian Federation,4.967234286,14.20934188,15.04817375,20.76244778,1.962125,4.438207486,-2.6875,1.753103342,14.34334426,49.35000038,2023172.5,863.6359219,63.12053493,3.225356111,0,10.02798622,10050.83382,0.98375,13.515625,14.86875,101.8824951,4.329622835,67.5495,0,0,0.8125,27.4536875,1.763775005,11.30944244,17.9239175,5.235591375,0.474490724,0.348674967,135187191,7.91875,1.74375,12.23975,11319.20588,329.8267585,17.39203062,2.804385064,27.21875,1.24813E+11,98.52517382,4.315358045,12.52251875,59.804375,0.927452645,647339.6875
Denmark,53.98359336,14.18504437,13.68995125,26.80863486,1.96003125,9.544902279,10,2.991788995,30.98241129,47.5562501,1215,19905.48198,1189.578765,7.379658901,12.61937502,31.96498574,43982.30762,0,0,11.26875,4.155323616,18.51785695,74.6805625,0,0,0.818750016,30.6179375,1.579375,0.860309069,0.837644775,0.879670925,1.705937727,0.354927826,5041378.5,116.8473125,0,56.7744375,811.19,1121.756861,11.58267781,10.20451495,21.68125,1.03583E+11,1410.005906,1.036829237,12.626681,72.377375,0.666117436,48454.54167
Iran,29.59135427,13.72123938,14.21802563,7.994103285,5.00325,3.933501572,-6.375,1.088837899,16.32125482,16.08749998,27687.5,1252.977178,27.74325181,0.387589324,0,16.22110854,14829.42854,0,0,69.013125,13.08219701,1.807501006,57.6189375,35.73814372,47.41660121,0,16.7205625,0.337235414,0.519879475,0.819167554,0.220859818,0.668096492,2.054194792,44426531.56,26.8286875,0,54.886875,2279.307944,251.5013375,0,2.724871028,16.6375,66140275446,61.68635626,0.100146289,11.16094709,46.455,3.273114888,211982.6042
Barbados,35.90116279,14.27842438,15.75085688,18.7234303,2.6289375,2.822423145,0,0.260467796,47.17400059,46.73124981,20,6474.369416,152.5326772,5.1839595,0,55.13620402,22379.81523,0,0,40.44375,4.251032672,11.69769641,67.900625,0,0,2.556249917,22.946625,0.568887052,3.259909738,4.591918946,0.9548513,0,0.28404917,250448.875,582.0976875,0,72.0495,212.5971875,0,0,4.144060201,18.25,1668333963,232.1236177,-5.229393016,2.4116655,33.299075,0.722596989,733.1041666
Namibia,38.20965274,12.19734125,13.47901562,7.145951966,5.348125,0.447716237,2.25,0.222754382,29.98883634,36.97500062,20080,1242.72395,36.78346017,0.566932556,0,33.29825824,7648.381638,0,0,51.13125,7.112479847,1.007280928,54.7510625,0,0,0,16.0263125,0.099675,2.966244221,4.990720868,1.133274168,0,2.282342007,1247797,1.501375,9.58125,39.1145,11126.82884,0,0,9.88366066,19,2111704956,63.78917838,-3.405839977,4.757526039,23.94515,3.654084204,919.4166667
Gibraltar,0,0,0,0,0,5.666204417,0,0,0,0,0,0,0,0,0,0,0,0,0,0,0,0,0,0,0,0,0,0,0,0,0,0,0.788348819,25622.5625,4270.520875,0,0,0,750.7896265,0,0,6.8125,0,0,0,0,0,0,154
Djibouti,50.3208585,12.59988938,13.09431187,1.923144965,5.7289375,0.697811795,-1.8125,0.031417798,14.31479505,40.15625048,15,323.2678458,11.80926408,0,0,21.25483441,5393.381667,0.740625,8.7,57.63125,1.968227442,0.345436496,52.3606875,0,0,0,15.46525,0.15489119,0.70855844,1.334089637,0.092395339,0,3.956825424,416805.8125,17.785,0,43.5298125,706.246875,0,0,0,6.25,239338204.1,17.92436089,-6.940039361,6.531722546,61.0994625,4.716390793,282.5625
Central African Republic,6.530004976,11.75075187,11.873565,0,5.6078125,0,-3.4375,0,0,41.83124924,57257.5,0,0,0.047867429,0,25.98969823,1863.387723,0,0,0,0,0,43.2400625,18.96587137,24.23969924,0,17.3084375,0,6.758382797,11.74084926,2.234681368,0,0,2637889,0,0,0,40275.485,0,0,1.165166888,28.3125,0,0,-8.478893885,7.55862093,0,0,0
Nepal,23.02309756,11.66759875,11.0849975,1.846208949,5.0539375,0.053407879,-3.1875,0.215880265,9.993722514,32.25625062,9750,158.8330752,1.668656349,0.002757792,0,17.55774034,1641.474831,0.93125,11.49,132.475,6.081298695,0.257437863,50.55625,0,0,0,16.777875,0.060402954,3.160593868,5.34315741,1.177487165,0,1.926051619,17399387.44,117.32325,27.803125,38.3695625,9101.7,11.13206749,0,3.362148168,27.3125,3176460763,0,-7.451540355,3.381360413,7.705375,4.71349016,1204.041667
Morocco,52.22891444,13.79719813,14.10172188,11.56432773,4.9614375,0.842485924,-6.375,0.218115304,20.32943794,15.85625005,12542.5,977.9525767,10.49904567,2.107940605,0,27.21600288,5240.334445,0,0,79.21875,3.562701363,4.906712591,58.9825625,10.16263119,14.13646988,0,16.870375,0.19571213,0.23337505,0.388690442,0.087455504,0,1.743174553,20853314.63,46.519875,0,49.4099375,985.955,75.30310871,0,4.688703226,6.325,24039101039,31.17373755,-5.413337758,4.184269309,38.893475,2.825687043,20765.25
Benin,17.94544386,12.15345188,12.6366525,5.867459713,6.2934375,0.17762841,-0.375,0.249586197,11.29039963,32.63124967,12652.5,273.6100395,3.818142324,0.01751735,0,23.22150099,2351.443023,0,0,129.74375,3.851639024,0.31934262,47.7014375,10.21696887,14.9537297,0,16.588125,0.043701696,2.965396821,4.708786369,1.287042975,0,2.234196913,4576570.688,40.084,0,16.3445625,4552.100188,13.40998472,0,3.177859081,45.8125,1384001106,7.830209496,-11.54835675,4.781675576,25.3496125,4.96609003,1123.833333
East Germany,0,0,0,0,0,11.88970892,-6.0625,0,0,0,0,0,0,0,0,0,0,0,0,16.5,0,0,0,0,0,0,0,0,0,0,0,0,0,1024029.375,0,0,0,0,0,0,0,0,0,0,0,2.78515875,0,0,201517.4792
Montenegro,4.767657993,14.58621188,14.4474125,27.82949365,2.4571875,0.983415053,-2.8125,0.16392178,9.781505768,0,1357.5,494.1071949,72.96913792,0,0,18.5871445,14912.9256,0,0,6.5,1.330299565,5.696879288,70.6360625,0,0,0,23.874875,0,0,0,0,0,0.550353119,559000.75,40.4558125,0.0375,19.8329375,0,0,0,0,4.75,310971618.8,103.3462963,-8.794618664,0,37.5633875,2.606356598,618.75
Botswana,37.1983793,11.70794,14.004145,12.05497818,5.2066875,1.121543078,5.1875,0.484778595,38.00735903,32.2874999,31337.5,1719.806158,82.53615336,0.128768855,0,42.96319894,11565.55632,0,0,62.2625,8.86455216,1.179063132,53.99575,0,0,0,15.533125,0.153458333,4.536057473,7.284482002,1.995250941,0,2.263823862,1150842.313,1.96775,0,74.602875,8291.745563,102.5401536,0,6.454790314,14,2765163029,112.5213959,-3.373984994,5.007476449,27.225475,6.605595675,1831.958333
Tajikistan,12.39237997,13.43856875,13.46768625,6.995676525,5.35375,0.217638179,-5.8125,0.160689709,19.50364075,43.17500019,1025,108.1959099,1.740986701,10.43626238,0,28.35444956,2792.651966,0.601875,4.95,57.08125,66.86057842,1.105379969,61.1980625,24.86281207,24.96176567,0,17.0165625,0.973050002,0.618856028,0.77619642,0.448017463,0,2.068425838,4283198.75,29.76225,9.3525,22.4110625,1085.888625,143.6963677,0,2.322898316,12.525,639163242.3,7.00785196,-8.850808811,0.899422735,27.53795,1.715606713,1316.104167
Ukraine,26.87472927,14.08185188,14.69300313,17.05776076,1.9014375,3.027297676,-2,1.174442361,17.94597089,48.5062499,23775,441.6013911,25.32982136,1.374361374,0,18.19550358,5678.135262,1.4075,11.116875,12.2125,120.284926,1.634986776,69.29,0,0,0,29.3121875,1.926575017,4.399111063,6.667943188,2.336581,0.218385147,0.138289545,47023673.88,78.001375,2.071875,37.449,1015.71675,234.9906658,7.437183125,3.946390446,35.371375,21687871188,43.72491354,-0.249532692,6.6635075,53.88295,0.851577337,147813.1875
Kuwait,6.442901235,15.41497938,16.65191,22.30070019,4.88425,24.3434265,-6.5625,6.275309252,49.92570019,25.83124972,12.5,7148.022897,202.9531751,0.513527266,0,26.72034365,128639.8952,0,0,28.5625,8.150506612,7.157135633,67.751625,41.27725121,46.88217235,0,20.755625,1.227269869,1.278232238,1.790602222,0.667154879,3.618264328,4.859288477,1368080.938,75.5770625,0,66.592125,11.1655625,3948.588312,0.924799663,0.31723668,6.96875,17147642542,258.7277761,23.12794016,22.36730856,80.799075,4.009003767,33631.8125
Northern Mariana Islands,2.173913043,0,0,5.886056783,0,0,0,0,0,0,80,0,0,0,0,0,6666.37025,0,0,0,0,0,0,0,0,0,0,0,0,0,0,0,2.804537736,33293.8125,71.828625,0,0,0,0,0,0,25.225,0,0,0,0,71.0292375,3.763627024,0
Isle of Man,52.4122807,0,0,0,0,0,0,0,0,0,7.5,8790.144861,0,0,0,0,32421.97801,0,0,0,1.993925843,0,0,0,0,0,0,0,0,0,0,0,0.841321841,65156.4375,113.6976875,0,0,0,0,0,0,0,666503018,0,0,0,46.099675,0.730226136,0
Costa Rica,32.36021348,14.1443025,14.28217875,7.001976199,4.1448125,1.019440835,10,0.519257929,28.64682481,25.94999981,5940,2878.504116,90.32527784,10.65524534,0,34.09624737,11765.7003,0.4425,10.933125,33.121875,10.26396803,5.750920631,70.94,46.87430727,48.69072246,0.381249996,18.008125,0.702594512,4.53017325,7.5920365,1.466598556,0,2.171366407,2683043.688,52.173625,3.65875,69.886625,31437.30938,429.1173396,6.237606812,1.965570751,100.0375,9278591589,128.9907905,-4.11093511,13.71894319,42.5936125,3.144423473,3285.5625
Channel Islands,34.21052632,0,0,0,1.7443125,0,0,0,0,0,2,10439.23577,0,0,0,0,0,0,0,0,0.955314475,0,74.306125,0,0,0,31.9275625,1.138297081,0,0,0,0,0.601835338,130185.75,666.8138125,0,0,0,0,0,0,2.75,1537328730,0,0,0,28.8874,0.228194331,0
Grenada,37.13235294,13.63604875,14.52597313,10.18738993,4.200875,0.990924807,0,0.135425309,21.26248749,0,42.5,2430.727142,53.13778067,3.294119479,0,34.49963258,9272.15921,0,0,7.6875,4.254713763,4.393285097,66.02,0,0,0,16.2081875,0.356133333,0.883718312,0.504049927,1.226114899,0,0.324255649,95001.125,275.878875,0,67.1241875,0,0,0,8.14353384,22.825,233539880.1,114.1685636,-13.45834287,0.692564473,29.720525,0.780841223,98.77083333
Cuba,46.343997,13.4618675,14.23549188,0.415408751,2.6394375,2.366792345,-6.5,0.847033523,16.61613668,32.31875014,6087.5,2071.832876,97.43892511,3.556992746,0,21.02184455,12913.09688,0,0,20.40625,1.213866087,2.178819769,71.7375625,0,0,0,23.1851875,2.509426419,4.03278725,5.9489855,2.08047625,0,0.785396273,9461527.75,85.3558125,0,68.72625,2649.132875,219.2284253,12.61565819,0,85.43125,21962497323,103.9423029,-4.405707868,10.24308263,60.3354875,1.210866662,23295.47917
Guatemala,28.44461553,13.6791,14.08215188,15.74916051,5.693375,0.566700341,1.375,0.376862664,16.0235392,21.06250036,10520,1309.041084,14.73729181,2.050944725,0,22.43215315,8268.022839,0.285,11.1225,67.41875,5.353531065,1.401991736,57.731875,0,0,0,15.1555,0.212313965,23.47255431,43.4744935,4.1776535,0,2.179198789,8034240.5,72.9535,8.93625,59.76825,10545.13762,74.48249828,3.593939694,3.81305938,141.64375,11915258905,41.90112045,-5.618680018,5.76601775,35.1930875,3.012400282,5258.229167
Nauru,0,17.67453375,18.08325625,0,0,10.56718063,0,0,0,0,0,0,113.3655784,0,0,0,15860.22342,0,0,13.01875,0,0,0,0,0,0,0,0,2.358561874,0.818333834,3.717711568,0,0,7595.8125,361.139875,0,0,0,0,0,0,37.85625,0,145.1567332,0,4.914490343,0,0,91.89583334
Sudan,41.34011995,12.07538313,12.3706,3.798680046,6.1695,0.243183277,-3,0.275105778,11.01138981,18.67499959,176227.5,286.2175052,4.860634385,0.281597785,0,15.21477265,1871.485356,0,0,77.05625,23.30825954,1.321084165,53.9985,15.33646828,19.53889697,0,15.7283125,0.098380532,5.812162043,9.561205388,2.063328266,0,2.302729927,18705720.06,9.3100625,0,51.0450625,2201.704375,17.21064002,0,0,16.75,7844369441,15.0565492,-3.612532964,9.396372557,21.09645,4.078171045,4955.041667
Czech Republic,17.24128832,15.25122938,14.95471563,0,1.90325,0,-0.5625,0,0,47.16250038,6592.5,0,0,3.520264646,1.393749967,24.36809364,29250.76743,2.02625,9.295625,0,0,0,72.09575,0,0,1.131250031,30.0279375,0,0.556966169,0.723938394,0.402872812,0.672787415,0,10003698.88,0,0,0,0,703.3130917,4.507536438,4.826474621,38.631,0,0,0.075773619,4.359176688,0,0,0
Lao,0,0,0,0,0,0,0,0,0,0,0,132.5600038,0,0,0,0,0,0,0,0,0,0,0,0,0,0,0,0,0,0,0,0,0,0,0,0,0,0,0,0,0,0,0,0,0,0,0,0,0
Cambodia,18.36477453,11.35383,11.60522188,4.317819143,5.4130625,0.108028633,-2.9375,0.08114509,21.55748522,47.01249981,28865,124.2646116,2.863316404,0.024453766,0,26.54712187,2153.498634,0.575625,6.538125,52.86875,1.852150115,0.085466205,48.9035,14.29894001,16.14535122,0,16.2555,0.075885149,4.052687646,7.349241257,1.211769194,0,1.658142788,8764615.625,48.1874375,10.789375,21.921625,38140.11969,9.702349156,0,1.826728609,14.0625,1642510326,9.85212878,-4.120802574,4.306561232,12.4369375,3.646952737,1268.895833
Georgia,15.1298748,14.0445625,14.602685,9.259450889,2.31325,0.527112063,-2.375,0.328273321,12.70778511,42.55000019,6920,956.1367557,8.216265014,3.505726265,0,21.8651683,7394.993514,0.684375,8.728125,17.94375,86.84271183,1.543657003,68.6838125,0,0,0,26.3735,3.038087514,1.0524702,1.867623458,0.342642527,0,0.585089849,4658792,66.921,9.73125,36.4891875,4454.14425,210.1704086,1.114181875,4.074868957,15.48125,4278079538,44.44871771,-9.157383131,3.639949898,44.60585,0.925942304,2545.8125
Sao Tome and Principe,36.5234375,12.5577025,13.07361813,4.26717426,5.65125,0.433483464,0,0.047401721,3.39728379,30.35000038,67.5,135.9997598,9.199564488,0.00562246,0,0,1429.807404,0,0,50.93125,3.83862439,3.057585594,58.479625,8.692048136,10.02539497,0,17.3465,0.346557672,1.180147916,1.853430033,0.550461933,0,1.624734497,103733.5,106.8276875,0,67.9568125,15620.93119,0,0,0,18,0,23.58587309,0,5.756848811,35.2616875,3.663190925,53.39583333
Chile,17.16364841,14.5039475,14.69719562,16.14497004,3.2980625,2.661106644,3.9375,0.856032179,21.88000661,25.86875057,39585,3118.533995,71.9674056,1.514875532,0,22.27585811,14634.07382,0.419375,13.976875,50.08125,31.81479929,7.506120917,68.28025,35.9039102,37.0011892,1.237499997,20.706,0.617883429,4.1104455,7.457922188,0.931219444,0.459525695,1.409548908,11811263.75,15.558625,2.385625,68.5700625,54347.18375,221.8798028,9.3436225,4.569257669,74.375,42013140745,171.3286429,1.169504463,12.04757531,70.8156375,1.917467603,33954.70833
Angola,37.44284912,12.05046688,12.19310875,4.996889455,7.019875,0.613197088,-2.4375,0.406213459,31.25284065,44.21250009,149320,180.2455021,18.2496019,0,0,23.75970925,11187.91614,0.15,11.185,132.95625,384.678737,0.610664757,40.162625,0,0,0,14.9985,0.05871304,9.038660288,15.84377003,2.564437688,0,2.330116386,9730450,7.6985625,17.5525,43.1795625,12232.19875,56.74771193,0,0,45.625,5908765492,21.92220774,7.250374839,12.80299616,28.820025,5.208682882,7676.395833
Eritrea,23.21287129,11.52752688,11.23212188,0.303404446,6.3390625,0.038656951,-2.0625,0.077216816,4.401282367,33.56250024,3940,61.60955916,1.361081014,0,0,20.38526285,1073.277279,0,0,56.5875,5.688786446,0.588608601,46.6503125,0,0,0,15.0160625,0.013125,3.814905881,6.493662358,1.522705793,0,2.305307879,2785697.25,23.3513125,0,23.8468125,0,5.956180991,0,0,18.375,247584086.1,2.896767999,-15.98398049,4.059013367,13.3822375,3.721117146,159.7291667
Aruba,9.027777777,0,0,21.78460848,2.9123125,9.248352183,0,0,46.46841627,0,1,8405.188954,0,0,0,54.59337364,42789.31693,0,0,0,1.569678352,6.850700351,70.601375,24.32281303,24.75660326,0,22.3351875,0,0,0,0,0,1.276693019,69609.5625,385.657,0,24.4959375,0,0,0,0,16.275,697319219.6,0,-8.124957369,0,43.0818125,1.060544786,825.9166666
Tokelau,0,0,0,0,0,0,0,0,0,0,0,0,0,0,0,0,0,0,0,0,0,0,0,0,0,0,0,0,0,0,0,0,0,1560.75,130.0780625,0,0,0,0,0,0,0,0,0,0,0,0,0,0
Guinea-Bissau,42.54534139,11.949915,12.30066563,4.484441611,6.110625,0.145027884,-0.9375,0.012026277,11.91787115,32.86250019,5300,115.9739271,1.338750241,0.737448273,0,31.00690734,1331.765533,0,0,70.4625,17.69805972,0.421751425,41.9294375,10.3394419,14.87321196,0,16.9014375,0.083276031,3.974932551,6.701077223,1.404009104,0,1.595695493,924109.0625,25.3630625,0,39.17425,26809.23438,0,0,0,29.75,123782985.1,7.433832548,-19.08903619,5.810528398,22.5165,3.568332529,150.7916667
San Marino,13.54166667,0,0,17.50813409,0,0,0,0,0,0,0,15512.40073,872.5850839,0,0,0,25330.77537,0,0,2.5625,5.045928933,13.1146196,0,0,0,0,0,1.374500036,0,0,0,0,1.247822779,22219.375,363.48675,0,0,0,0,0,4.07674522,0.975,408200008,1017.673504,0,1.858279646,69.6128625,2.100632624,0
Uruguay,69.41956634,14.2949275,14.09459938,15.16150738,2.578,1.797714084,5.25,0.63255685,17.20248884,38.23125029,3530,4925.067354,117.2109125,1.061797885,0,18.47256923,7571.960024,0.68125,12.455625,33.1625,35.90509623,6.781025515,71.261875,30.41703433,30.85481275,0,26.3426875,2.002586166,3.948215875,6.129843562,1.853355931,0,0.49032605,2942538.313,16.7968125,1.03375,71.84175,31954.82875,417.708301,11.51335488,6.476311494,63.46875,15151730628,191.0323204,-0.40230961,8.485663062,76.1393,0.732018464,5324.916667
Singapore,5.970149254,13.16441937,13.10121375,28.19082636,2.896625,8.343241498,-1,2.668559795,135.1484536,33.54374957,5,12855.21657,116.9460926,19.93437839,3.104999959,128.9557525,19765.9454,0,0,17.83125,1.346925102,15.10109396,72.399375,49.04549097,54.96618605,0,22.1685625,0.812604107,1.203799225,1.829718519,0.602502381,5.021812468,2.507885947,2826456.25,4094.000438,0,0,157.7975,623.9101338,7.000544375,5.457931618,1.4375,48278904032,320.984582,5.226921887,8.9590105,87.5,2.507885947,26273.95833
Jersey,0,0,0,0,0,0,0,0,0,0,0,0,0,0,0,0,0,0,0,0,0,0,0,0,0,0,0,0,0,0,0,0,0,71077.9375,0,0,0,0,0,0,0,0,0,0,0,0,0,0,0
Colombia,32.30790897,13.30742688,14.1454325,13.4651228,4.322625,1.385667647,5.875,0.461144292,12.61187231,37.48124933,153772.5,1871.943959,59.8171245,2.217978014,0,14.08467476,8948.560989,0.256875,14.15875,50.91875,14.6904716,3.928515067,64.617875,28.87340331,30.49749089,0,17.1186875,0.691414576,43.6748525,82.330825,6.917195125,0.20138002,1.856573635,28908794.44,25.2431875,13.49,71.4014375,50277.67188,216.5809354,6.788510875,2.197759532,100.00625,63184513813,85.88092353,-0.413827455,14.45667944,55.7581875,2.794262332,41857.29167
Germany,41.82537489,14.83864125,14.2458275,25.55573314,1.7075,11.59066694,10,3.353305497,19.95063638,39.93749952,27690,13550.86117,898.1214613,6.327235186,9.470000028,19.53814302,43499.54183,0.804839339,5.51730246,11.59375,1.559575074,15.94974466,73.9696875,0,0,1.650000006,32.2335,1.222625,0.30080465,0.340922131,0.260285456,1.23434097,0.194871377,78048062.38,218.6933125,0,36.891875,1330.873125,1107.479697,3.171000625,3.591915961,23.49175,1.09188E+12,1153.365354,0.402185331,3.227023063,63.6864375,0.267978894,904664.5208
Myanmar,13.49265028,11.49773438,11.85787062,0.112658404,4.321625,0.16262573,-4.125,0.201401787,3.46550799,43.99999952,87170,0,0.241705044,0.031150819,0,5.943154712,1822.919211,0,0,79.14375,5.977893858,0.029021087,53.96475,22.48544114,23.64657814,0,18.8616875,0.139009258,3.059768916,5.249856234,0.9657408,0,1.414390117,33751362.13,49.7491875,0,64.5786875,21259.62446,14.13101436,0,1.361286875,6.075,0,2.010443236,-1.256465203,3.251438141,21.918125,2.346050718,5959.479167
Togo,47.8661059,12.00092125,12.11137188,3.811158235,6.2344375,0.175646104,-4.4375,0.260462677,32.11155532,32.08124995,1215,236.9913593,2.663694555,0.599334989,0,38.4698128,1153.121994,0,0,111.25,4.154059069,0.444433071,49.3754375,13.29439988,18.60989279,0,15.620375,0.055824179,3.133806825,5.071583391,1.300760955,0,2.275345782,3257769.063,56.8130625,0,42.00725,3342.295625,28.79143284,0,2.762974758,17.75,823972205.4,8.191619199,-5.201632257,4.991758704,23.0043,4.585126776,679.9375001
Armenia,19.30740871,13.73049063,14.81232875,6.305028215,2.7665,0.495058673,-3.125,0.314294468,9.141566886,46.4625001,760,347.0868124,9.911463143,0.549031776,0,18.40017174,8026.517418,0.66875,11.00625,24.09375,37.83213011,1.169628218,69.4611875,0,0,0,21.9303125,1.85063125,0.602032364,1.125274569,0.159831807,0,0.939474595,2738052.063,91.81825,8.4025,19.173875,844.2707625,208.7897557,0,3.039995194,17.13125,1080215874,26.11241841,-9.258604851,2.162264944,54.9830625,1.343361605,1554.895833
Afghanistan,47.27588427,11.79763687,11.65851812,3.449343711,7.4070625,0.098214757,-7.6875,0,13.20980931,16.44999993,3375,0,0.568961591,0,0,20.95998048,2517.736337,0,0,128.00625,2.879213282,0.217133401,43.7806875,0,0,0,15.2495,0.030488718,0.719497204,1.227709293,0.165340047,0,2.253155852,16470571.94,24.9173125,0,29.125625,3290.80875,0,0,0.653247336,34.75,0,5.267815548,-9.047091031,6.474045038,14.3093875,4.106701255,1589.041667
Samoa,21.22349823,15.92773437,17.21239063,9.170419,5.999625,0.523698732,0,0.058431043,10.3540901,31.87499976,427.5,724.5543974,30.44686017,0.077343737,0,17.04166055,3713.770977,0,0,42.775,3.994464493,0.856572036,60.36325,18.47896313,18.63412688,0,15.4821875,0.33598795,0.194074228,0.35453146,0.017981645,0,0.933499293,148679.4375,52.453,0,63.6223125,0,0,0,0,8.0625,123833042,36.88842644,-6.609698232,1.612334311,18.164,1.074894642,85.9375
Norfolk Island,0,0,0,0,0,0,0,0,0,0,0,0,0,0,0,0,0,0,0,0,0,0,0,0,0,0,0,0,0,0,0,0,0,358.75,0,0,0,0,0,0,0,0,0,0,0,0,0,0,0
Eritrea and Ethiopia,0,0,0,0,0,0,0,0,0,0,0,0,0,0,0,0,0,0,0,0,0,0,0,0,0,0,0,0,0,0,0,0,0,42171938.69,0,0,0,0,0,0,0,0,0,0,0,0,0,0,0
Bhutan,8.730218883,12.46982625,12.13780313,4.702919448,5.4095,0.234076353,-8.375,0.05253736,17.22325515,18.11250019,7852.5,391.0205605,16.05717231,0.015679976,0,26.50465631,3795.152602,0,0,96.8375,3.146569362,1.04112054,47.1813125,0,0,0,16.908,0.0095625,1.068041235,1.381948382,0.753751069,0,2.032738018,439117.5625,9.27775,0,38.703375,159357.3831,0,0,3.010964348,13.625,229368916.7,19.71131654,-9.826878671,3.364853381,14.2254,5.86186737,141.3958333
Madagascar,52.25274702,11.84519188,11.55895812,3.239121907,6.373375,0.112287475,1,0,16.04886234,49.85625029,32805,279.2110205,2.966394723,0.35184909,0,26.00830528,2654.041975,1.13625,20.82375,76.51875,8.346267255,0.251590221,49.7203125,17.6715424,17.55905512,0,15.6675,0.132206395,2.729888141,4.310526251,1.206190378,0,2.441313793,10560902.88,17.73625,53.04375,62.252125,24328.16313,0,0,3.013273843,34.9375,2895579711,4.445450419,-9.332556424,4.484361649,18.5487125,4.338717832,1164.395833
Seychelles,7.880434784,13.49656188,14.89752688,19.91600212,3.796875,2.858566203,0,0.581818182,49.83067068,0,102.5,4268.061552,105.4420157,0.614389033,0,54.89840987,10161.36043,0,0,36.05625,9.438933136,6.982245729,67.7349375,0,0,0,0,0.623984707,0.605019227,1.026075661,0.158598628,0,1.394800289,62914,138.05275,0,71.5693125,0,0,0,8.462421021,22.6875,315095465.2,117.8198301,-4.432101222,1.983038842,39.9576625,2.174343559,224.8125
Bermuda,13.75,15.15107,16.40110875,22.36665108,0,6.431538105,0,0,3.292662106,0,2.5,38047.85286,0,0,0,4.51740932,92834.42359,0,0,0,5.282717559,17.93621908,0,0,0,0,0,0,0,0,0,0,0.58748112,55135.4375,1039.641438,0,70.2809375,0,0,0,0,7.2875,2240796284,0,-1.224747213,0,87.5,0.590128649,368.9583333
Mauritius,43.56527094,13.35565,13.97239938,13.87937579,3.341625,1.25325678,7.25,0.154908926,34.91183024,27.34999967,97.5,1950.233356,33.5556936,1.318769212,0,38.57051467,10674.30718,0,0,40.19375,4.909289276,4.093443173,65.65175,21.07577226,23.63474075,0,19.110375,0.522503597,2.344481438,3.6084275,1.155842969,0,1.17766053,959354.8125,469.3543125,0,67.1668125,1962.295263,0,9.274512813,0,52.70625,2257122889,80.66162013,-3.658684431,11.31069475,36.1792,1.488284438,1401.8125
Bulgaria,42.99319045,14.5700475,14.32936062,21.56390714,1.8834375,6.281045812,-1.1875,1.886531125,27.92090417,47.53750086,8437.5,1024.003451,49.86370285,1.493756491,0,31.32699358,13649.33447,0,0,32.08125,11.41026701,6.445965762,70.3403125,0,0,2.00000003,30.1134375,2.342805379,2.295849438,3.563569562,1.054391794,0.708366632,0.034342375,8191899.75,73.9684375,0,67.721625,1698.04125,728.745177,6.342450375,7.622736721,62.73875,8405070122,83.72167507,-3.406088547,9.210223437,53.2795625,1.185942883,52586.1875
Liechtenstein,39.453125,0,0,18.50487982,0,0,0,0,0,0,17.5,38347.98147,0,0,0,0,101266.2674,0,0,1.71125,0.952087015,15.03266738,0,0,0,0,0,0,0,0,0,0,1.346350049,25680,160.0846875,0,19.3035,0,0,0,0,1.7,1191763697,0,0,0,15.0557875,0.777221436,0
Poland,49.16453827,14.5145575,14.4847525,19.28473877,2.1805,8.980189395,-0.75,2.335213836,11.77465126,43.38125086,22647.5,1782.528705,127.2663705,1.35809929,0.89562498,12.82067754,9216.462714,1.078125,8.275,28.775,4.630155277,9.22741904,70.6751875,18.67835438,18.74997375,2.681250066,26.3573125,1.61175,1.309987112,1.93161575,0.729281756,0.346861405,0.597358401,34542173.69,106.8398125,0.81,68.4849375,1182.34125,337.3492401,10.13146144,3.269038573,6.94375,68250000000,177.7132727,-1.046026277,11.26814531,50.30925,0.970412012,315097.75
Senegal,37.61848803,11.87977625,12.87934375,6.542947992,6.5103125,0.361191247,-0.25,0.178880692,20.69517017,38.54999876,22245,464.4865116,6.491074117,1.56801547,0,30.37676942,1551.384442,0,0,92.31875,2.886219282,1.625076855,49.3184375,11.7551235,16.56642024,0,15.553375,0.048939229,3.215937853,5.10346806,1.382565111,0,2.449406853,6524108.5,32.7444375,0,51.2888125,4332.000625,19.28288778,0,4.923067544,127.1875,3204282211,13.74177191,-8.632036325,5.144186498,31.12445,3.509213719,2647.791667
Tuvalu,47.91666667,0,0,0.971905453,0,0,0,0,0,0,2.5,538.7940183,125.0193391,0.796809162,0,0,3152.913142,0,0,25.40625,2.479206755,2.530204948,0,0,0,0,0,0.0795,0.360772625,0.61570622,0.092613604,0,0.834986349,8040.25,309.0456875,0,0,0,0,0,0,15.3625,5473951.75,125.1494419,0,2.485520661,29.3175625,2.427698046,0
South Africa,65.16191219,13.82956188,15.80200875,15.47074264,4.446,7.737054988,5.6875,1.790753299,23.08441614,34.18124986,17332.5,2752.046772,47.27055985,2.212778782,0,23.08102448,7469.954062,0.32,11.2325,32.88125,8.315234721,1.99612726,54.347125,44.80077965,50.6368227,0,17.8486875,0.25751875,13.28391552,22.7144394,4.371672034,0.34755522,1.806503775,31724583.44,25.909,10.725,24.91,1145.488125,419.0591245,0,6.572200688,15.9375,93535245651,118.7962928,1.895794275,8.158817053,45.6815125,2.322557444,260939.9375
Brunei,2.19402277,13.34621813,12.90639125,19.34205497,4.3425625,20.50026088,0,4.81437278,49.01856683,32.43750072,992.5,13191.64005,191.4127249,1.133801255,0,17.78988947,101054.6957,0,0,25.05625,9.956257459,8.375952413,70.1148125,0,0,0,18.707125,0.528894207,0.171573121,0.222883903,0.121149715,0,2.794676106,212192.5,36.5011875,0,68.8764375,30453.26687,978.0147625,0,0,10.6,3560196766,225.6324235,31.22867736,3.112322331,55.7205375,3.792518313,4765.75
South Sudan,0,0,0,0,6.4626875,0,0,0,8.407832423,0,0,0,0,0,0,0,1793.826555,0,0,69.09375,0,0,40.7958125,0,0,0,0,0,0,0,0,0,2.107248823,4892554.5,0,0,0,0,0,0,0,0,0,0,0,0,10.2205125,3.089222177,0
Equatorial Guinea,9.51426025,12.43392188,12.46701687,4.113948805,5.6204375,1.686085113,-4.0625,0.242245598,45.93232091,24.63750005,4357.5,1751.719129,61.26902711,0,0,46.08287273,6973.372909,0,0,52.25,8.680396595,0.288517809,43.2918125,22.07707528,24.28284182,0,17.02575,0.180750003,5.306222678,8.697396039,2.06672877,0,1.810763576,376105.5,13.2339375,0,20.33375,57740.9425,0,0,0,31.1875,1079363603,110.2151199,-0.20616734,7.557997226,28.4139375,2.641684626,1009.708333
Luxembourg,12.5,14.77469375,14.21541813,29.72972395,1.792,28.86920893,0,8.297262745,94.55249926,32.35625029,217.5,27118.87108,1517.683722,2.494287508,10.55875,83.92848668,74743.47051,0.873951427,5.943013548,10.075,3.955711697,16.07577126,73.216875,0,0,0.375000003,31.28375,1.624375,0.34871343,0.20869077,0.254950203,0,0.880269379,380999.875,146.447625,0,69.4543125,5762.88375,1000.045428,0,6.132108366,14.17625,11355027214,1781.287058,15.26694147,2.156072437,69.443525,1.249016487,10631.95833
Sweden,6.861535556,14.37199813,13.95057063,26.6182407,1.93875,7.108669689,10,4.297239175,28.79349151,48.71250057,68472.5,19343.69334,942.0935299,6.635390711,12.36250007,27.58861457,21466.90899,0.895039195,5.545400513,8.6875,3.819731794,20.01607791,76.5833125,0,0,0.606250011,32.496875,2.04625,1.027271075,1.211302056,0.839216225,1.713005975,0.39058849,8315773.563,18.445125,0,71.472125,14217.06812,2847.231958,12.29495462,6.836507742,9.26875,1.66377E+11,1139.66057,2.642868754,9.806050625,71.6841625,0.660379362,58769.5625
Holy See,0,0,0,0,0,0,0,0,0,0,0,0,0,0,0,0,0,0,0,0,0,0,0,0,0,0,0,0,0,0,0,0,0,732.8125,1664.062437,0,0,0,0,0,0,0,0,0,0,0,0,0,0
El Salvador,55.12018619,14.0997125,14.561035,16.88172731,4.7065625,0.57316145,2.25,0.410581404,20.82836777,31.41249967,830,1717.303221,30.32041885,1.521585199,0,30.19425043,9059.806941,0.2675,12.175625,63.79375,4.419927502,1.538986678,60.4433125,29.38487096,33.48242773,0.187500007,16.3933125,0.573123294,10.17693507,14.19453049,1.739665568,0,1.390661777,4557280.25,216.1909375,5.665625,67.360625,3850.872188,111.893353,0,2.476913066,127.11875,8577545778,58.2954701,-8.09989801,6.792026282,43.0930125,2.302868344,2975.041667
West Bank and Gaza Strip,50.08305648,14.45620187,15.3928725,5.09092532,6.605625,0.116036403,0,0,4.780487759,8.649999917,22.5,355.1229375,0,0,0,21.94851277,3943.43916,0,0,22.6875,1.843094512,3.310566654,61.772,17.52482995,18.5776412,0,14.672375,0,0,0,0,0,1.332745206,2048996.125,335.752625,0,31.998,365.8032813,0,0,0,15.5625,1121475960,0,-17.16802501,0,55.3984625,1.48898303,422.8124999
Chad,31.217676,11.698495,11.57719938,1.962588182,6.7801875,0.027727262,-4.25,0,19.46454552,35.70625055,30792.5,189.0302408,1.848656151,0,0,26.59777679,2444.119664,0,0,77.1125,6.493155796,0.173539199,43.723,6.924907249,10.16104487,0,16.1148125,0.016923956,4.467456221,7.480474948,1.581378758,0,2.314452706,5746956.625,4.4185625,0,29.65075,5954.155625,0,0,0,43.0625,1195067704,6.414090905,-6.296378428,6.656842946,15.141475,4.268304248,175.7708333
Malaysia,15.83777203,13.11491938,13.51727687,18.05389659,4.0800625,2.951232936,4.6875,1.062032667,58.84695543,28.40625,53977.5,2334.793245,37.76726275,19.9372039,0,54.41680066,12188.8905,1.046875,17.111875,27.5,4.310762404,11.00563057,67.142125,43.8957932,51.79964886,0,17.5555,0.361560838,1.988252099,3.36448896,0.435258865,0.478649546,2.160928205,16136742.38,48.577,5.105,57.4693125,27283.66688,169.2732559,0,4.915944531,22.75,49029249749,66.51434953,8.052715871,3.177829028,42.1843125,3.905484363,66280.5
Peru,12.54980469,13.43720937,14.40150562,10.50579448,4.78725,1.126856462,2.6875,0.372269226,15.15011411,34.14374971,173032.5,1883.868466,31.16917793,1.246041213,0,17.24204683,5774.723118,0.475,11.01875,79.1125,44.23549731,4.910166449,60.23625,16.43809659,18.14167976,0,17.3360625,0.707286358,0.783674402,1.050835848,0.252759889,0.230511132,1.843283987,18448778.88,14.29275,4.539375,53.4975,74552.67812,136.0342822,0,5.171823769,92.85,38515196529,51.56167804,-0.792582926,2.954201996,57.1320875,2.668773178,21653.5
United Arab Emirates,3.37993421,14.98379062,16.02047688,28.80072522,4.868375,25.5467464,-5.5,6.253833837,13.85109033,20.39999962,775,24027.33569,235.0304688,0.507902208,0,12.03905597,25996.00968,0,0,35.1375,5.07865086,11.25824941,65.2011875,0,0,0,20.975375,0.500906237,0.086167758,0.114339765,0.024827113,3.295240169,7.892070662,1931300.25,21.68175,0,63.457375,175.0220625,3470.632048,0,0.33134408,6.5,56976857374,354.0786887,1.812034356,5.440111041,69.38595,8.27304199,51704.35417
Belgium,11.4122358,14.58738187,14.09247188,22.68633725,1.9485,11.27200307,9.75,4.065937824,51.92213511,37.28124976,1667.5,14889.40728,803.7684975,2.164767836,11.89687499,53.1609146,41916.88633,0.855196209,7.015241865,15.80625,2.820117861,13.52909265,74.1125,0,0,2.518750012,31.47575,2.292125,1.237440675,1.109171506,0.89286825,0,0.365677673,9802102,320.705625,0,69.0566875,1276.235625,1254.530592,10.44985531,8.117504656,15.85875,1.50601E+11,1063.940122,1.079875732,16.76695125,83.6098625,0.450360278,110382.25
British Virgin Islands,0,14.35799875,15.22360875,0,0,2.30509039,0,0,0,0,0,0,0,0,0,0,31382.26026,0,0,7.1,0,0,0,0,0,0,0,0,0,0,0,0,0,14121.875,93.1321875,0,0,0,0,0,0,17.0375,0,0,0,0,0,0,39.64583334
Ecuador,20.62620877,13.90629313,14.64962938,12.34383152,4.7095,1.369054067,4.125,0.442229371,22.39257634,25.27499962,29602.5,1103.063559,15.31006833,1.760273513,0,24.35577349,11809.14025,0,0,60.725,4.503547301,2.749244405,63.760125,0,0,0,17.198375,0.83446297,6.05346105,8.59745121,0.852539152,0.309767669,2.039587736,8714634,30.55475,6.34125,68.238375,35770.12125,135.0409288,0,9.45083808,110.6125,11051915332,52.36692946,-0.909936972,2.899428964,44.4793,3.239888357,14313.0625
Venezuela,19.33287512,14.70671812,14.936935,15.80653483,4.366,6.482911812,6.0625,1.560658621,22.6283405,28.28125,122877.5,4867.351754,49.71561605,1.062151389,0,18.09918913,10142.35036,0.375,11.534375,37.44375,21.72789257,4.002496893,67.2291875,0,0,0,17.1680625,1.064370003,14.49444419,26.66060125,2.238043813,0.772678452,2.319962775,16566394.06,18.03825,7.32375,71.37475,55947.47806,397.3266049,7.197086187,4.97701552,106.9875,85859157317,113.4785529,6.209693796,25.56115562,70.7179625,3.092214697,101810.0417
Bahamas,0.942807193,14.5526125,15.57432062,17.93945782,3.037375,11.70757235,0,0.39556585,29.80209514,44.00625038,1287.5,15546.62682,197.9414966,0.425517844,0,30.37335271,36674.23977,0,0,21.56875,2.530726153,5.926684419,68.3696875,0,0,1.68750006,18.773125,0.864723503,5.655563277,6.831253766,1.698333085,0,2.048439223,217537.625,15.595625,0,37.5493125,63.38725,0,0,5.569624229,18.3125,3815501370,436.6520827,-0.556034842,4.125831842,65.4738625,2.644237835,2504.791667
Cyprus,14.88771645,14.86655875,14.10997313,17.88110367,2.4660625,4.627525704,7.625,1.238051563,30.74909047,36.33749986,430,6917.896959,171.7107115,5.036232031,0,36.1083457,26441.61526,0,0,14.0875,3.690570927,8.401799896,74.4019375,35.38592633,37.35802281,0,24.5495,1.347491701,0.300671644,0.416242312,0.190726169,0,1.147818293,752588.875,80.99975,0,31.4504375,814.1468125,688.1061803,0.168436125,13.72319613,4,4660326574,417.2149728,-5.359255225,3.538515625,50.45235,2.415343877,3899.729167
Saint Kitts and Nevis,33.65384615,15.0651225,16.13756063,0,0,0,0,0,0,0,27.5,0,0,0.148001583,0,40.26916746,7071.958815,0,0,0,0,0,0,0,0,0,0,0,2.123927593,4.352238178,0,0,0,46419.125,0,0,0,386.9632813,0,0,7.409807151,25.4875,0,0,-13.05599834,2.548698128,0,0,0
Bangladesh,60.12089959,11.40922563,10.89420813,3.974702767,5.1426875,0.122625327,-0.1875,0.090690993,8.24854828,35.38124943,3670,279.9808539,11.27844733,0.068434941,0,14.90791485,1794.420756,1.574375,9.55125,119.875,2.646911609,0.329379735,56.0811875,0,0,0,16.535,0.093374999,1.812240601,2.596546412,1.017780304,0.015125044,1.870988164,91376641,631.56075,43.565625,41.802,8990.962212,18.87824901,0,1.609243229,171.875,29614394113,0,-6.034573737,3.328141451,14.600175,4.785477102,15105.52083
Solomon Islands,1.971686317,14.505215,14.99864313,0.799360591,5.8815625,0.328486197,3.8125,0.023800718,16.7532325,35.97499967,5670,433.0718752,16.4383242,0,0,26.88345964,1520.408615,0,0,45.0125,3.197027195,0.462478317,56.9536875,0,0,0,15.432375,0.152057839,0.227243744,0.321946576,0.128995366,0,2.634030185,277341.4375,9.376875,0,33.51925,131388.175,0,0,0,17.4375,184369134.9,17.86907026,-10.13022715,1.346380502,10.9795125,4.831697499,104.0416667
Uzbekistan,23.91455101,13.98634188,13.93090875,5.917697662,4.7448125,1.782470173,-7.8125,0.733653635,12.91030579,45.22499991,8030,290.4881462,6.185827098,0,0,13.31915667,1957.039745,2.4325,8.925,31.6125,55.94817305,1.30643756,64.0666875,24.66064587,24.96858733,0,18.12,1.686106269,1.894099688,2.868924562,0.967413563,0.144621348,2.106268106,17150398.88,38.156625,0,24.458375,878.86425,105.6981532,3.675859375,0,7.6875,7109986095,12.74158585,-0.408850879,5.00427025,33.0578875,2.238191331,44137.95833
Ireland,59.60226448,15.00920375,14.4428225,25.02938182,2.8301875,7.483350981,10,2.265575511,49.15552008,30.03125024,1587.5,12368.93557,801.9065994,16.18962833,8.259375036,49.6053375,34117.12065,0.727530023,6.807650715,15.55625,-0.154766917,11.6170637,73.6781875,0,0,2.825000077,25.6935625,0.96625,0.574445494,0.842402938,0.305490769,1.242851294,0.801622393,3448167.25,48.8665,0,71.2280625,10877.0175,1049.513061,8.473463138,7.737285219,16.39625,30095278331,1051.311414,1.395646025,11.42059194,48.5296875,1.32129875,26777.4375
Cameroon,15.14155085,12.81161125,13.12391625,4.705442645,5.9033125,0.213719977,-5.1875,0.267327098,18.78082119,36.33125067,55290,514.9948779,2.997944912,0.571472521,0,18.71511674,3578.972578,0.78125,12.0875,102.6875,5.037066502,0.501762218,48.73325,32.55836904,46.58095875,0,16.2933125,0.067005797,3.563404798,5.663053751,1.519437075,0,2.212076022,10799782.44,22.4904375,16.18125,56.44175,20642.1675,20.55921849,0,3.657637832,32.625,6675531058,14.50548922,-0.329572422,5.570248603,30.258525,4.436427622,2664.75
Macao  China,0,0,0,0,0,0,0,0,0,0,0,8967.162115,0,0,0,0,40150.68211,0,0,0,0,0,0,0,0,0,0,0,0,0,0,0,0,0,0,0,0,0,0,0,0,0,0,0,0,0,0,0,0
Nigeria,64.25853948,12.34768062,12.84100937,5.647277544,6.371875,0.503161978,-0.5,0.488296115,24.34267098,27.18125033,32842.5,323.9722956,6.018865625,0.229644146,0,20.49428804,1568.623084,0.626875,10.74375,114.025,17.06167527,2.067440714,43.6965625,6.384707295,8.297943118,0,15.8165,0.132671261,4.011836529,6.537510396,1.576479793,0,2.15127967,87747175.5,93.90825,31.408125,50.917375,2655.425,31.43865643,0,0.049277716,30.5,31919760569,16.9843211,4.295841546,5.510135293,28.7444,4.173922542,49663.85417
Slovak Republic,13.89293139,14.74826625,14.72371688,19.09193438,2.2264375,2.766359823,-0.625,2.445697551,29.23315286,49.38749981,4802.5,3015.458444,170.1820649,1.425911185,0,30.89015911,11211.48665,1.6,8.774375,17.58125,2.397229165,12.27254169,71.225125,0,0,3.056250036,25.894625,0.785,0.687666313,0.948039313,0.442829631,0.683884676,0.447412022,4832155.375,98.499125,0.218125,31.539625,0,474.6162202,3.199069875,2.676856409,40.120875,16111294040,238.9743725,-1.671020647,4.978856875,43.4866875,1.284471011,14925.85417
Lebanon,49.45625611,14.47585187,14.705275,7.253900148,3.7725625,2.623312297,1.8125,0.697199919,6.707367902,18.06249976,327.5,2175.060314,59.23774674,0.602799638,0,19.72865316,11536.45429,0,0,31.33125,9.140785116,3.884556917,69.2488125,0,0,0,19.1851875,0.68055854,0.512007862,0.83209464,0.219672784,0,1.405017442,2900015.188,278.0975625,0,38.469,1081.681637,290.1927969,0,3.732573631,4.6875,8084188267,152.1066373,-13.02128526,8.339108706,64.1927875,2.627733341,8533.25
Azerbaijan,21.11523882,14.00037188,15.0254425,10.56283338,3.5945,1.938834338,-6.5,0.643865312,20.94396165,46.46250105,2340,452.7416826,7.01708717,0.677552828,0,16.76081863,8320.4978,0,0,35.46875,73.00119295,2.197915195,64.850875,0,0,0,20.0475,2.055999986,4.640339957,8.453301073,1.075528419,0.317757606,1.601263591,6305505.938,72.4671875,0.35125,37.067,1744.641412,300.7735885,0.680380144,1.981721916,12.875,3800221062,37.75770284,4.183143022,3.61769738,45.436925,1.707498272,16040.29167
Nicaragua,28.69006565,14.01294375,14.66849688,7.873580739,5.3634375,0.573060345,-0.625,0.361488246,20.22384553,25.75624967,9535,1103.883422,13.4768761,0.852083421,0,38.94348736,6655.800393,0,0,69.48125,862.0449596,0.874060899,59.4329375,0,0,0,14.9100625,0.378168259,3.842174417,5.88445437,0.781827897,0,2.041686499,3516236.75,26.8945,0,74.965625,41072.03194,82.02156678,0,6.062731371,149.4125,3069889334,24.33065958,-16.19911034,3.143217086,44.17725,2.658359164,2225.208333
Qatar,4.152286454,14.93964375,15.69212063,18.76784472,5.0498125,49.705787,-6.875,10.24434941,17.29595382,24.93749988,0,7928.854035,303.0794424,0.003204552,0,9.293468448,52011.44887,0,0,30.98125,3.567388908,7.193469554,70.557625,17.30886592,17.95591814,0,21.69175,0.39375,0.174593065,0.158312023,0.300970204,1.769400119,6.976850156,451162.9375,37.9313125,0,72.559625,178.6678625,1996.094675,0,3.669546699,8.91875,8093810787,390.5007293,8.249149003,3.706377268,80.4617125,7.213383887,21635.85417
Cook Islands,0,0,0,0,0,1.208501327,0,0,0,0,0,0,96.81879714,0,0,0,0,0,0,39.41875,0,0,0,0,0,0,0,0,0.157550778,0.292200789,0.015423627,0,0,0,78.6933125,0,0,0,0,0,0,0,0,104.8506139,0,1.615629494,0,0,22.91666667
Greece,56.07253685,14.3639975,13.80395062,24.18763827,1.8663125,5.119573619,6,1.494187044,15.20810606,32.19999981,9002.5,8277.597934,368.6017919,3.434928979,5.087499902,24.48965297,28663.28393,0.636691204,6.51091353,23.53125,7.668820863,6.812755607,73.893375,0,0,2.424999982,29.31775,2.799125,0.715777088,1.056405956,0.3854439,1.087656439,0.565087104,9679037.25,73.2896875,0,67.1164375,5307.424,735.5244266,2.109202188,6.431123928,21.894375,84668741619,624.4960832,-8.747748741,13.2345725,49.0123625,1.044201699,52951.9375
Guyana,6.657009553,13.02117375,14.12079438,9.246768731,3.8530625,1.78810356,1.125,0.120757439,65.10047441,27.36250019,38012.5,724.7779307,26.15827671,0.15701118,0,76.09434558,5430.201728,0,0,52.6625,7.0194005,3.105552328,61.14375,0,0,0,16.756625,0.256812393,6.617478836,6.654106378,2.245395006,0,0.588321502,688247.375,3.1998125,0,68.676375,227795.3194,0,0,0,17.875,524892200.1,30.43527382,-7.948120647,5.437967419,25.6092125,0.589760971,1273.479167
Swaziland,61.93313954,12.49060938,15.31479875,6.798132429,5.7449375,0.540105705,-5.9375,0.07491925,54.61570809,42.88750029,1295,844.6539531,23.10180819,0.044622706,0,64.71032013,3275.158027,0,0,94.175,8.144483394,1.236308781,49.8026875,41.16206443,51.26047705,0,14.60975,0.109103144,4.831994533,7.621668577,2.504328131,0,1.932795267,704252.6875,40.3059375,0,64.7558125,4794.367,0,0,6.077204458,22.625,752882637.1,37.61239915,-7.076244478,5.753242134,14.9725375,4.745451554,455.5833334
Antigua and Barbuda,22.58522727,13.8755125,14.69462063,25.61234452,2.933125,4.174431997,0,0.305566286,37.92371371,0,25,5369.828089,101.018255,0.02309779,0,44.58098505,24100.43447,0,0,5.08125,3.568449188,11.47920119,68.555125,0,0,0,0,0.521700108,1.403430373,2.374917626,0.478271082,0,0.84487795,68046.375,153.4378125,0,61.919875,532.0213438,0,0,0,25.41875,397100493.8,151.5064908,-7.684740633,1.402539432,29.8006375,0.569912437,295.8541667
Fiji,15.47619048,13.8336325,15.0272275,10.42827814,4.237,0.948852249,2.875,0.152453541,41.75080905,21.41249979,2450,1546.399832,29.13100231,1.670503642,0,49.12603269,6126.064144,0,0,36.80625,4.377307633,2.18588971,62.499875,0,0,0,16.8195625,0.415757453,0.129756298,0.239384361,0.01662483,0,1.402970991,628847.0625,34.302125,0,69.3310625,30941.513,0,0,8.160958641,17.5375,1084381204,37.05869399,-4.992936649,0.743452638,35.8257,2.364639983,634.1041667
Finland,6.548234114,14.64375812,14.23280125,29.11143215,2.03375,8.615345391,10,4.410459941,25.84061094,47.56874991,56147.5,15379.43939,700.6649579,7.097874185,10.92437476,25.50577902,37160.35992,1.00472282,5.643622113,10.99375,4.743170826,18.48047183,73.6388125,0,0,1.0625,28.908875,0.941875,2.766836875,3.984353188,1.609771125,1.641638214,0.383606934,4824869.75,14.2525625,0,72.5170625,15594.7525,1974.683156,21.48698688,6.985014653,15.49375,77259440549,949.1523077,1.654189165,12.45620013,63.146675,1.099974958,42537.6875
Estonia,8.771231423,14.20676313,14.19111563,23.8054759,1.8565,5.018338971,-1.4375,1.47811233,22.60278974,47.79374981,5607.5,1640.084151,148.787255,3.973577395,0,27.92697645,19331.22498,1.448125,10.425625,19.33125,2.752634334,14.16781104,70.1711875,24.94179898,24.9426255,0,30.036125,1.971337489,4.953226938,8.54130475,1.7399555,0,0.178184338,1366319.563,30.298625,0.4675,38.04775,3147.68355,422.5267787,8.918864375,5.254574619,27.836875,2229307342,193.877989,-1.501202547,6.700158125,59.0691375,0.529140248,6999.895833
Comoros,54.93951613,12.1448025,12.23293125,1.728865842,6.13575,0.115201061,0.5625,0.010185724,8.233604674,41.13125038,20,215.0678778,4.754870965,0.051197271,0,24.65995708,2614.650497,0.170625,10.348125,100.4625,1.296291578,0.474941737,51.7278125,32.09706895,39.33175754,0,15.9383125,0.067493749,2.116211951,3.299347759,0.98560515,0,2.307415017,390416.625,207.22575,12.18375,21.062375,2101.303125,0,0,0,15,109237801.4,7.285150577,-16.4263524,3.411322474,20.7614,3.274373499,52.93750001
Sri Lanka,30.67991549,11.92834125,12.4789425,7.639523786,3.60335,0.323488929,6.1875,0.252832551,23.40510453,26.90625,5205,539.0501612,6.992716733,0.525723463,0.231249995,32.5261754,2096.214806,1.115625,9.115625,39.03125,9.553570113,0.868522681,66.517625,11.31974381,12.24772528,0,19.8273125,0.242990795,5.012620968,8.42149283,1.390575673,0,1.280219132,15118571.69,229.7168125,14.5875,63.4400625,2282.621875,51.27536353,51.84319625,5.589221758,10.3625,9366516946,14.82259183,-7.261858087,5.43863709,15.0073125,1.14321392,5354.708333
Dominica,21.25,13.27661,15.27055937,20.62194356,0,0.764625293,0,0.105844804,22.87006545,0,117.5,2452.390667,54.32941253,1.115637628,0,36.41522038,10728.09933,0,0,23.71875,4.195642739,7.663748465,0,0,0,0,0,0.267301246,1.845447421,3.029104828,0.714658544,0,0.238992336,67699.8125,90.1873125,0,66.0493125,0,0,0,0,23.9,173559849.5,83.37043126,-13.78616095,1.23620832,50.7054875,1.39613523,53.16666667
Liberia,21.71148256,12.10600563,12.56007875,3.114039211,6.2678125,0.367243967,-2.875,0,44.64647551,33.45624995,11572.5,386.2161782,1.420184765,0,0,57.42986541,1179.039644,0,0,157.4919122,3.384470926,0.069294618,45.234625,20.3042638,28.23800362,0,15.6658125,0.056560517,4.030708194,6.973362923,1.15374139,0,2.369646599,2080630.75,18.3533125,0,39.7178125,91345.28625,0,0,0.039872091,35.75,723762549,4.529315529,-13.1259684,6.391452313,31.642225,4.070409359,689.3333333
Hong Kong China,0,0,0,0,0,0,0,0,0,0,0,15025.58657,0,0,0,0,36571.33106,0,0,0,0,0,0,0,0,0,0,0,0,0,0,0,0,0,0,0,0,0,0,0,0,0,0,0,0,0,0,0,0
Taiwan,0,13.26944,12.85485562,0,3.170625,5.374556762,-1,0,0,0,0,0,0,0,2.532499999,0,12329.82071,0,0,14.1875,0,0,71.045,0,0,0,0,0,0,0,0,1.048715056,0,17359062.5,0,0,0,0,704.9374441,0,0,27.6875,0,0,0,0,0,0,110694.6042
Tunisia,47.97566941,13.35409688,14.87586125,12.95725419,4.637125,1.374384424,-5.625,0.445798454,30.23765292,14.62499988,2092.5,1460.575557,30.71136789,1.301348821,0,31.83666844,3820.97349,0.5925,7.905,60.775,4.081554859,4.112479213,59.9846875,29.398298,41.20925681,0,17.8533125,0.45418731,0.324867524,0.556247234,0.096008543,0,1.522928945,6980881.625,42.493,3.205,57.9308125,471.298975,117.4136546,0,7.455246688,3.7125,12300649681,57.28599901,-1.599015517,5.282056689,47.06185,2.442617702,11208.54167
Slovenia,9.567403178,14.91471125,14.83123375,22.47892625,1.8684375,2.877148845,-0.25,1.263450776,22.42763664,47.47500038,3082.5,4052.303227,348.8531042,1.882600347,0,22.75323142,14909.91366,0.63375,4.62,15.7,14.76296683,11.04756268,72.2121875,18.68483813,18.71755688,0,28.5624375,1.1979625,0.745110425,0.990952625,0.496947581,0,0.451868134,1807572.688,89.168875,0.01875,31.518875,0,529.6559908,7.2908,7.490057557,7.935375,8124811298,473.1119439,-0.325594778,6.87465375,39.2374375,1.49297718,5730.083333
Mozambique,49.31386543,11.8445075,12.29675813,2.70163029,6.2306875,0.17056804,-0.75,0.327764582,10.17571145,51.89375067,102970,132.5985802,3.190704785,2.113411018,0,20.49284852,1153.721099,0,0,125.7375,12.63158725,0.244505209,41.86775,15.24475035,24.54995464,0,16.011,0.028538664,4.803521633,8.204694986,1.891258121,0,1.943878552,13386067.56,16.5324375,27.578125,42.437875,12555.38937,13.77439703,0,0,37.9375,2395037930,4.559984791,-10.31713707,6.067552328,15.528075,5.565100288,1939.208333
Niue,0,0,0,0,0,1.107637217,0,0,0,0,0,0,327.0186363,0,0,0,0,0,0,24.23125,0,0,0,0,0,0,0,0,0.190154068,0.335318372,0.036438173,0,0,3292.375,12.7038125,0,0,0,0,0,0,8.53125,0,329.8635848,0,1.419212848,0,0,2.520833334
Saint Vincent and the Grenadines,22.91666667,13.63807688,14.56278313,0,4.38925,0,0,0,0,31.85000014,65,0,0,0.003052942,0,39.38571473,3915.916646,0,0,0,0,0,65.8738125,0,0,0,16.248125,0,3.915018704,5.523140788,0.707822531,0,0,96852.625,0,0,0,0,0,0,8.374705591,26.43125,0,0,-11.24736477,1.646788895,0,0,0
Turkey,41.11374947,14.20474437,15.39418125,16.50451178,4.2150625,2.100484916,6,0.765392098,11.61372295,16.91250002,25365,2864.249873,83.81210145,0.796067852,0,14.60770644,5085.742661,0,0,89.14625,29.49084045,5.454650623,59.0180625,41.01640666,49.68481051,1.493749976,18.3335,0.737625,0.536933541,0.890351057,0.181858443,0.295615486,1.658608608,47214874.13,59.97075,1.09375,54.9211875,3096.060894,175.0443867,0,2.323323804,13.9125,1.58663E+11,117.4076261,-2.863309952,2.272141815,45.415475,2.957142336,117688.3125
Kyrgyzstan,20.74654588,13.76575563,14.29229,0,3.983125,0,-4.8125,0,0,44.43124962,2145,0,0,2.850547935,0,24.2566693,4233.241008,1.9525,10.176875,0,0,0,62.3488125,0,0,0,19.6175,0,4.134953563,6.475877312,1.907801,0,0,3703985.125,0,0,0,1723.3605,161.0492672,4.7561075,4.318692549,15.13125,0,0,-9.168952174,7.044949125,0,0,0
Brazil,22.33479807,13.66327437,14.0769125,12.98791203,3.938625,1.305936946,2.5,0.700672268,8.20837667,30.41249943,1364857.5,2741.975878,61.32124876,4.046548121,1.167500034,8.162193672,12434.22664,0.47875,23.349375,65.06875,134.6644804,5.629255804,63.1368125,45.49943776,50.39291076,0,18.4701875,0.713302856,10.97887313,20.3613625,1.839021938,0.333299836,1.704165427,127916860.3,14.974125,10.7725,69.2431875,45533.54188,223.5228591,2.307305875,5.174578351,77.4875,4.07063E+11,143.8888593,0.487553944,9.509014375,60.0089375,2.751331403,188989.3958
Croatia,10.34500536,14.54322188,14.04258813,18.39746347,1.902375,1.729855985,-2.375,0.683485591,16.51701243,42.08749914,4712.5,1782.689343,201.4641754,3.221178679,0,18.17715038,19327.93938,1.96875,8.49625,27.525,38.7044266,8.717580745,70.3015625,0,0,2.275000095,29.441,1.248522427,1.041351188,1.43752675,0.666563625,0,-0.236472136,4312667.625,76.3133125,0.036875,31.7221875,8620.92375,477.2966974,5.4087605,7.850476328,6.16875,9018054553,238.0163953,-1.710521705,6.1014125,42.578575,0.914832743,7774.249999
Marshall Islands,22.91666667,15.36158875,16.18521938,0.648188402,0,0.582044322,0,0.104631696,0,0,32.5,1124.644446,118.4359791,0,0,0,10983.17085,0,0,42.9125,1.389631236,0.776540774,0,0,0,0,0,0.155,0.326987855,0.61667566,0.038373356,0,2.137953641,34455.875,189.3843125,0,19.058875,0,0,0,0,0,55262016.57,140.6362587,0,2.326033294,52.4020375,3.212446906,30.25
New Caledonia,11.34436543,0,0,14.85153336,3.7564375,12.45448743,0,0,5.652617144,30.61874962,2097.5,8669.830776,0,0.244057844,0,10.65110018,54279.78805,0,0,0,2.803935431,7.046974303,66.132,0,0,0,20.1760625,0,0,0,0,0,2.093200443,151048.375,8.0784375,0,0,0,0,0,0,4.8125,1508712636,0,-4.998483036,0,48.90785,2.968925444,1834.020833
United Kingdom,61.09566817,14.72359313,14.48848875,27.50084115,2.027875,10.14953596,10,3.087147969,20.78750842,40.90625048,6982.5,16662.3809,702.2815825,10.55280576,8.964374929,22.99801887,20390.37986,0,0,13.20625,4.912817745,15.83114201,74.6221875,0,0,1.250000007,31.24025,1.25,0.782110706,0.997665138,0.563351906,1.11417676,0.313421159,56516954.06,232.2826875,0,69.5714375,1779.05375,1358.441363,6.105291563,8.686241331,32.73125,9.51063E+11,858.5969743,-1.010185305,9.530312375,68.5562,0.357602453,570328
Niger,22.27589406,11.71578688,11.82990687,1.728610336,7.488125,0.065940747,-1.9375,0,13.70338544,25.13749957,3320,200.5158666,1.830486601,2.700066771,0,20.27618273,1541.148302,1.125,11.04,86.7125,4.116553408,0.101702146,42.9033125,0,0,0,14.0545,0.015587264,5.038987755,8.452282905,1.476599425,0,2.744588271,7408820.688,5.739375,32.17625,40.476375,3849.237875,0,0,0,97.84375,1415133304,3.751148265,-6.12902162,7.460984229,11.474275,4.553167547,551.8333334
Israel,20.29228281,14.58764563,14.62929563,28.61772781,3.3811875,6.578856505,9.5,1.704044739,28.45395216,35.41875005,382.5,12685.96807,330.9977242,6.953138325,5.008750007,37.4363024,30589.83164,0,0,18.93125,38.53412981,9.953043772,74.1875625,0,0,0,22.33125,2.866934573,1.424397625,2.089781813,0.764165844,0,2.122980618,4161015.125,186.19875,0,64.146625,319.2339375,997.693407,4.152580625,6.633044466,6.19375,66542245336,525.0691449,-8.294841275,5.223313313,76.742725,2.476586209,31858.97917
Kiribati,37.42283951,15.40258438,16.13870875,0.19432981,5.0541875,0.390073794,0,0.016593287,15.06756612,0,30,598.3943756,33.59173925,0,0,51.7058362,7068.201823,0,0,59.78125,2.895553567,1.205326592,56.6011875,0,0,0,0,0.343706408,1.209697902,2.454845666,0,0,1.55258114,60864.375,83.307625,0,68.55425,0,0,0,0,17.7,42952644.58,37.77891823,-36.63826747,0.985825449,28.815875,2.99043736,25.20833333
Pakistan,27.04538968,12.31776562,12.775215,6.789543788,5.7240625,0.428846586,1.8125,0.268015573,9.866619486,9.162499964,5290,359.4636259,1.645924281,0.32808721,0,14.91006689,1536.651642,0,0,129.925,8.556064448,1.260644028,56.4408125,6.940795875,8.88911375,0,17.2786875,0.344273699,0.965010434,1.141724914,0.782417804,0.07048378,2.266614732,96354478.38,120.051625,7.52375,37.1178125,1829.404125,69.75158304,0,4.181391968,82.375,42634346969,5.722269032,-5.043447404,2.813909053,25.634025,3.193645959,56157.97917
Suriname,0.368589744,13.70268938,14.77381563,19.22755952,4.226125,4.004438853,1.6875,0.252414666,32.3881832,28.53125,36940,1406.221254,37.94258012,1.720243651,0,43.43332999,5633.475286,0,0,19.2375,10.99279447,3.183047823,64.8578125,17.42749582,18.35712365,1.81250006,17.4501875,0.46792305,3.328329036,4.182635308,0.729500681,0,1.100469746,387413.375,2.357625,0,72.09075,214317.5219,0,0,0,10.5,612882872.9,81.90892024,-7.622131343,5.806483626,50.140625,1.804810922,1637.854167
Min,0,0,0,0,0,0,-10,0,0,0,0,0,0,0,0,0,0,0,0,0,-0.154766917,0,0,0,0,0,0,0,0,0,0,0,-0.236472136,0,0,0,0,0,0,0,0,0,0,0,-68.42392737,0,0,0,0
Max,69.41956634,17.67453375,18.08325625,31.01437201,7.488125,49.705787,10,10.24434941,135.1484536,53.7874999,2023172.5,51532.82471,1517.683722,22.7396475,13.83124989,128.9557525,128639.8952,2.4325,23.349375,157.4919122,862.0449596,20.72730242,76.9685,62.03057239,62.22750546,4.006249979,32.496875,3.038087514,43.6748525,82.330825,6.917195125,5.021812468,7.892070662,993511908.8,18817.11413,53.04375,84.0548125,7966125.658,5142.296048,51.84319625,18.1780915,183.4375,5.92438E+12,1898.351985,31.22867736,25.56115562,87.5,8.27304199,4479347.354
